,Date,Open,High,Low,Close,Adj Close,Volume,tenkan_sen,kijun_sen,senkou_span_a,senkou_span_b,chikou_span,above_cloud,A_above_B,tenkan_kiju_cross,price_tenkan_cross,buy,Long_Position,Long_Buy,Long_Sell,sell,Short_Position,Short_Sell,Short_buy
0,2020-07-06,111.0,114.0,104.0,104.6999969482422,104.6999969482422,1497230,,,,,95.9000015258789,0,-1,,,,, , ,,, , 
1,2020-07-07,106.0,106.5,99.6999969482422,100.0,100.0,325099,,,,,96.0,0,-1,,,,, , ,,, , 
2,2020-07-08,100.0,107.9800033569336,98.8000030517578,106.9800033569336,106.9800033569336,348090,,,,,95.98999786376952,0,-1,,,,, , ,,, , 
3,2020-07-09,107.0,107.9800033569336,104.3000030517578,106.0,106.0,84412,,,,,95.30999755859376,0,-1,,,,, , ,,, , 
4,2020-07-10,105.9800033569336,107.9000015258789,104.0,106.5,106.5,59269,,,,,95.0,0,-1,,,,, , ,,, , 
5,2020-07-13,106.9800033569336,110.31999969482422,106.5199966430664,110.0,110.0,122400,,,,,95.5999984741211,0,-1,,,,, , ,,, , 
6,2020-07-14,110.0,110.0,105.04000091552734,108.0,108.0,101883,,,,,93.33000183105467,0,-1,,,,, , ,,, , 
7,2020-07-15,107.6999969482422,107.6999969482422,99.91999816894533,100.0,100.0,290219,,,,,90.0,0,-1,,,,, , ,,, , 
8,2020-07-16,100.0,101.9800033569336,98.01000213623048,99.5,99.5,45132,106.00500106811523,,,,90.5,0,-1,,,,, , ,,, , 
9,2020-07-17,99.5,100.0,94.12000274658205,95.5,95.5,227112,102.22000122070312,,,,90.6999969482422,0,-1,,,,, , ,,, , 
10,2020-07-20,96.9800033569336,98.0,95.5,95.5,95.5,92789,102.22000122070312,,,,91.62000274658205,0,-1,,,,, , ,,, , 
11,2020-07-21,98.0,98.0,95.5,96.9000015258789,96.9000015258789,70223,102.22000122070312,,,,91.16000366210938,0,-1,,,,, , ,,, , 
12,2020-07-22,96.9000015258789,98.79000091552734,95.0,96.1999969482422,96.1999969482422,114728,102.22000122070312,,,,91.0999984741211,0,-1,,,,, , ,,, , 
13,2020-07-23,98.98999786376952,98.98999786376952,92.0999984741211,94.5,94.5,90671,101.20999908447266,,,,92.0199966430664,0,-1,,,,, , ,,, , 
14,2020-07-24,94.5,94.5,90.05000305175781,90.5,90.5,125059,100.0250015258789,,,,96.1999969482422,0,-1,,,,, , ,,, , 
15,2020-07-27,90.5999984741211,93.8000030517578,90.5999984741211,92.0999984741211,92.0999984741211,22996,98.875,,,,95.8000030517578,0,-1,,,,, , ,,, , 
16,2020-07-28,92.0999984741211,92.0999984741211,91.0,91.1999969482422,91.1999969482422,16827,96.0150032043457,,,,95.0500030517578,0,-1,,,,, , ,,, , 
17,2020-07-29,91.0,93.25,90.6999969482422,90.6999969482422,90.6999969482422,15517,95.0250015258789,,,,92.6999969482422,0,-1,,,,, , ,,, , 
18,2020-07-30,91.0,91.0,87.0,88.0,88.0,71070,92.99499893188477,,,,92.98999786376952,0,-1,,,,, , ,,, , 
19,2020-07-31,87.0,90.5,87.0,89.5,89.5,79787,92.99499893188477,,,,95.11000061035156,0,-1,,,,, , ,,, , 
20,2020-08-03,89.5,92.8000030517578,89.5,91.6999969482422,91.6999969482422,5955,92.99499893188477,,,,96.98999786376952,0,-1,,,,, , ,,, , 
21,2020-08-04,91.0,94.0,91.0,92.9000015258789,92.9000015258789,12218,92.99499893188477,,,,96.0,0,-1,,,,, , ,,, , 
22,2020-08-05,91.0,92.0,91.0,91.5999984741211,91.5999984741211,25644,90.75,,,,93.5,0,-1,,1.0,,, , ,,, , 
23,2020-08-06,91.5999984741211,91.5999984741211,89.0,90.0,90.0,24310,90.5,,,,97.5,0,-1,,,,, , ,,, , 
24,2020-08-07,89.5999984741211,90.3499984741211,89.02999877929688,89.75,89.75,23246,90.5,,,,94.5,0,-1,,-1.0,,, , ,,, , 
25,2020-08-10,93.4800033569336,94.77999877929688,90.12000274658205,90.5999984741211,90.5999984741211,253799,90.88999938964844,100.5,,,95.5199966430664,0,-1,,1.0,,, , ,,, , 
26,2020-08-11,93.83999633789062,97.0,92.16000366210938,95.9000015258789,95.9000015258789,374929,92.0,98.65999984741211,,,96.79000091552734,0,-1,,,,, , ,,, , 
27,2020-08-12,97.0,98.4000015258789,95.5,96.0,96.0,162499,92.70000076293945,98.65999984741211,,,97.0,0,-1,,,,, , ,,, , 
28,2020-08-13,97.4499969482422,97.5,95.01000213623048,95.98999786376952,95.98999786376952,66815,93.70000076293945,98.65999984741211,,,96.4800033569336,0,-1,,,,, , ,,, , 
29,2020-08-14,96.0999984741211,96.5,95.0,95.30999755859376,95.30999755859376,17465,93.70000076293945,98.65999984741211,,,94.01000213623048,0,-1,,,,, , ,,, , 
30,2020-08-17,95.0,97.0,94.3000030517578,95.0,95.0,24397,93.70000076293945,98.65999984741211,,,93.5199966430664,0,-1,,,,, , ,,, , 
31,2020-08-18,95.0,96.0,94.5,95.5999984741211,95.5999984741211,77969,93.70000076293945,98.5,,,93.1999969482422,0,-1,,,,, , ,,, , 
32,2020-08-19,96.5,96.5,92.31999969482422,93.33000183105467,93.33000183105467,101072,93.71500015258789,97.3499984741211,,,92.5,0,-1,,,,, , ,,, , 
33,2020-08-20,93.3499984741211,93.9800033569336,88.51000213623047,90.0,90.0,120524,93.45500183105469,94.4900016784668,,,90.0999984741211,0,-1,,-1.0,,, , ,,, , 
34,2020-08-21,90.4000015258789,91.9000015258789,89.98999786376953,90.5,90.5,136194,93.45500183105469,93.5,,,91.6999969482422,0,-1,,,,, , ,,, , 
35,2020-08-24,91.9800033569336,91.9800033569336,90.0199966430664,90.6999969482422,90.6999969482422,38431,93.45500183105469,92.99499893188477,,,91.5,0,-1,1.0,,,, , ,,, , 
36,2020-08-25,90.6999969482422,93.98999786376952,90.5,91.62000274658205,91.62000274658205,147995,93.00500106811523,92.99499893188477,,,93.0,0,-1,,,,, , ,0.0,, ,Buy
37,2020-08-26,93.16999816894533,93.5,90.3000030517578,91.16000366210938,91.16000366210938,51409,92.75500106811523,92.99499893188477,,,91.98999786376952,0,-1,-1.0,1.0,,, , ,0.0,0.0, , 
38,2020-08-27,91.12000274658205,92.0,90.25,91.0999984741211,91.0999984741211,39338,92.75500106811523,92.99499893188477,,,90.0,0,-1,,-1.0,0.0,, ,Sell,0.0,0.0, , 
39,2020-08-28,91.0,93.9000015258789,90.3499984741211,92.0199966430664,92.0199966430664,185698,92.50500106811523,92.70000076293945,,,90.0,0,-1,,,0.0,0.0, , ,0.0,0.0, , 
40,2020-08-31,94.87999725341795,97.36000061035156,94.8000030517578,96.1999969482422,96.1999969482422,110156,92.93500137329102,92.70000076293945,,,89.5,0,-1,1.0,1.0,0.0,0.0, , ,0.0,0.0, , 
41,2020-09-01,96.1999969482422,97.1999969482422,95.3000030517578,95.8000030517578,95.8000030517578,52460,92.93500137329102,92.70000076293945,,,90.0,0,-1,,,0.0,0.0, , ,0.0,0.0, ,Buy
42,2020-09-02,95.0,96.9800033569336,94.0999984741211,95.0500030517578,95.0500030517578,33163,93.67499923706055,92.70000076293945,,,87.5199966430664,0,-1,,,0.0,0.0, , ,0.0,0.0, , 
43,2020-09-03,94.5,94.5,91.51000213623048,92.6999969482422,92.6999969482422,34435,93.68999862670898,92.70000076293945,,,88.0,0,-1,,,0.0,0.0, , ,0.0,0.0, , 
44,2020-09-04,90.0,92.98999786376952,89.19999694824219,92.98999786376952,92.98999786376952,91094,93.27999877929688,92.70000076293945,,,88.9000015258789,0,-1,,-1.0,0.0,0.0, , ,0.0,0.0, , 
45,2020-09-07,94.0,96.83999633789062,94.0,95.11000061035156,95.11000061035156,170704,93.27999877929688,93.45500183105469,,,86.5,0,-1,-1.0,1.0,0.0,0.0, , ,0.0,0.0, , 
46,2020-09-08,98.44000244140624,99.9800033569336,95.11000061035156,96.98999786376952,96.98999786376952,137662,94.59000015258789,94.24500274658203,,,86.0,0,-1,1.0,,0.0,0.0, ,Sell,0.0,0.0, , 
47,2020-09-09,98.9000015258789,98.9000015258789,95.0500030517578,96.0,96.0,49217,94.59000015258789,94.24500274658203,,,85.25,0,-1,,,0.0,0.0, , ,0.0,0.0, ,Buy
48,2020-09-10,97.0,97.0,92.5,93.5,93.5,101702,94.59000015258789,94.24500274658203,,,84.68000030517578,0,-1,,,0.0,0.0, , ,0.0,0.0, , 
49,2020-09-11,94.4000015258789,97.8000030517578,93.3000030517578,97.5,97.5,182927,94.59000015258789,94.24500274658203,,,83.69999694824219,0,-1,,-1.0,0.0,0.0, , ,0.0,0.0, , 
50,2020-09-14,100.0,100.0,94.5,94.5,94.5,65936,94.5999984741211,94.25500106811523,,,83.0,0,-1,,1.0,0.0,0.0, , ,0.0,0.0, , 
51,2020-09-15,95.0,96.4000015258789,93.5999984741211,95.5199966430664,95.5199966430664,32912,94.5999984741211,94.25500106811523,95.69499969482422,,81.4000015258789,0,-1,,,0.0,0.0, , ,0.0,0.0, , 
52,2020-09-16,95.5199966430664,96.8499984741211,95.0,96.79000091552734,96.79000091552734,54286,94.5999984741211,94.25500106811523,95.32999992370605,,80.69999694824219,0,-1,,,0.0,0.0, , ,0.0,0.0, , 
53,2020-09-17,96.9000015258789,98.0,96.4000015258789,97.0,97.0,59616,96.25,94.25500106811523,95.68000030517578,,85.80000305175781,0,-1,,,0.0,0.0, , ,0.0,0.0, , 
54,2020-09-18,96.97000122070312,97.5,95.33999633789062,96.4800033569336,96.4800033569336,42689,96.25,94.25500106811523,96.18000030517578,,82.0,0,-1,,,0.0,0.0, , ,0.0,0.0, , 
55,2020-09-21,97.0,97.0,94.0,94.01000213623048,94.01000213623048,40681,96.25,94.25500106811523,96.18000030517578,,80.05999755859375,0,-1,,,0.0,0.0, , ,0.0,0.0, , 
56,2020-09-22,94.01000213623048,95.48999786376952,93.5,93.5199966430664,93.5199966430664,33343,96.25,94.25500106811523,96.18000030517578,,78.19999694824219,0,-1,,-1.0,0.0,0.0, , ,0.0,0.0, , 
57,2020-09-23,93.70999908447266,95.0,92.8000030517578,93.1999969482422,93.1999969482422,43881,96.4000015258789,94.25500106811523,96.10000038146973,,78.75,0,-1,,,0.0,0.0, , ,0.0,0.0, , 
58,2020-09-24,93.0,93.1999969482422,91.0,92.5,92.5,59000,95.5,94.25500106811523,95.53249931335449,,82.0,0,-1,,,0.0,0.0, , ,0.0,0.0, , 
59,2020-09-25,94.98999786376952,95.0,90.0999984741211,90.0999984741211,90.0999984741211,22267,94.04999923706055,94.5999984741211,93.97250175476074,,84.58999633789062,0,-1,-1.0,1.0,0.0,0.0, , ,0.0,0.0, , 
60,2020-09-28,94.9000015258789,94.9000015258789,91.0500030517578,91.6999969482422,91.6999969482422,11555,94.04999923706055,94.5999984741211,93.47750091552734,,84.48999786376953,0,-1,,,0.0,0.0, ,Sell,0.0,0.0, , 
61,2020-09-29,92.0,92.98999786376952,90.0999984741211,91.5,91.5,39864,94.04999923706055,94.5999984741211,93.22500038146973,,82.55000305175781,0,-1,,-1.0,0.0,0.0, , ,0.0,0.0, , 
62,2020-09-30,90.5,93.0,90.5,93.0,93.0,35823,93.79999923706055,94.5999984741211,93.0,,85.0,0,-1,,,0.0,0.0, , ,0.0,0.0, , 
63,2020-10-01,93.5,93.9000015258789,90.3000030517578,91.98999786376952,91.98999786376952,30733,93.54999923706055,94.5999984741211,92.875,,82.30000305175781,0,-1,,,0.0,0.0, , ,0.0,0.0, , 
64,2020-10-02,91.01000213623048,91.01000213623048,90.0,90.0,90.0,20006,92.74499893188477,94.5999984741211,92.875,,86.0,0,-1,,,0.0,0.0, , ,0.0,0.0, , 
65,2020-10-05,90.0999984741211,91.5,89.30000305175781,90.0,90.0,67889,92.1500015258789,94.5999984741211,92.60250091552734,,88.5,0,-1,,,0.0,0.0, , ,0.0,0.0, , 
66,2020-10-06,91.0,91.0,88.5,89.5,89.5,81767,91.75,94.25,92.81750106811523,,87.04000091552734,0,-1,,,0.0,0.0, , ,0.0,0.0, , 
67,2020-10-07,89.9000015258789,91.98999786376952,89.0999984741211,90.0,90.0,44898,91.75,94.25,92.81750106811523,,86.0,0,-1,,,0.0,0.0, , ,0.0,0.0, , 
68,2020-10-08,90.0999984741211,90.5,87.11000061035156,87.5199966430664,87.5199966430664,106952,91.00500106811523,93.55500030517578,93.1875,,87.0,0,-1,,,0.0,0.0, , ,0.0,0.0, , 
69,2020-10-09,86.80000305175781,88.94999694824219,86.80000305175781,88.0,88.0,103357,90.35000228881836,93.4000015258789,93.19499969482422,,87.5,0,-1,,,0.0,0.0, , ,0.0,0.0, , 
70,2020-10-12,88.0,88.9000015258789,86.02999877929688,88.9000015258789,88.9000015258789,110547,89.96500015258789,93.01499938964844,92.98999977111816,,89.5,0,-1,,,0.0,0.0, , ,0.0,0.0, , 
71,2020-10-13,88.94999694824219,88.94999694824219,86.30000305175781,86.5,86.5,111184,89.96500015258789,93.01499938964844,93.36750030517578,,88.0,0,-1,,,0.0,0.0, , ,0.0,0.0, , 
72,2020-10-14,86.5999984741211,86.98999786376953,86.0,86.0,86.0,65167,88.99499893188477,93.0,94.41750144958496,,86.30999755859375,0,-1,,,0.0,0.0, , ,0.0,0.0, , 
73,2020-10-15,86.0999984741211,87.98999786376953,83.0,85.25,85.25,41940,87.49499893188477,91.5,94.41750144958496,,89.0,0,-1,,,0.0,0.0, , ,0.0,0.0, , 
74,2020-10-16,84.0,86.98999786376953,84.0,84.68000030517578,84.68000030517578,36319,87.49499893188477,91.5,94.41750144958496,,89.37999725341797,0,-1,,,0.0,0.0, , ,0.0,0.0, , 
75,2020-10-19,84.68000030517578,85.98999786376953,83.5999984741211,83.69999694824219,83.69999694824219,27656,87.49499893188477,91.5,94.41750144958496,,101.5,0,-1,,,0.0,0.0, , ,0.0,0.0, , 
76,2020-10-20,83.5999984741211,85.5999984741211,80.5,83.0,83.0,70290,85.5,89.25,94.42749977111816,,104.0,0,-1,,,0.0,0.0, , ,0.0,0.0, , 
77,2020-10-21,83.0,84.0999984741211,81.0,81.4000015258789,81.4000015258789,43197,84.7249984741211,89.25,94.42749977111816,,106.13999938964844,0,-1,,,0.0,0.0, , ,0.0,0.0, , 
78,2020-10-22,81.4000015258789,83.98999786376953,78.01000213623047,80.69999694824219,80.69999694824219,28784,83.47999954223633,88.00500106811523,94.42749977111816,,107.41999816894533,0,-1,,,0.0,0.0, , ,0.0,0.0, , 
79,2020-10-23,80.0,86.69000244140625,80.0,85.80000305175781,85.80000305175781,30279,83.47999954223633,87.75500106811523,95.25250053405762,,108.5,0,-1,,,0.0,0.0, , ,0.0,0.0, , 
80,2020-10-26,86.0,86.0,81.0999984741211,82.0,82.0,30959,83.0,87.50500106811523,95.25250053405762,,111.5,0,-1,,1.0,0.0,0.0, , ,0.0,0.0, , 
81,2020-10-27,82.01000213623047,82.01000213623047,79.01000213623047,80.05999755859375,80.05999755859375,44059,83.0,86.75,95.25250053405762,,107.41999816894533,0,-1,,-1.0,0.0,0.0, , ,0.0,0.0, , 
82,2020-10-28,80.0,80.0,77.20999908447266,78.19999694824219,78.19999694824219,65127,82.0999984741211,86.10499954223633,95.25250053405762,,109.0,0,-1,,,0.0,0.0, , ,0.0,0.0, , 
83,2020-10-29,80.0,80.01000213623047,76.05999755859375,78.75,78.75,49577,81.375,85.52999877929688,95.32750129699707,,107.63999938964844,0,-1,,,0.0,0.0, , ,0.0,0.0, , 
84,2020-10-30,80.0,83.05999755859375,78.75,82.0,82.0,182568,81.375,85.52999877929688,94.87750053405762,,109.9000015258789,0,-1,,,0.0,0.0, , ,0.0,0.0, , 
85,2020-11-02,82.0,86.94999694824219,82.0,84.58999633789062,84.58999633789062,31397,81.50499725341797,85.47999954223633,94.32499885559082,,108.8000030517578,0,-1,,1.0,0.0,0.0, , ,0.0,0.0, , 
86,2020-11-03,84.58999633789062,85.80000305175781,81.05000305175781,84.48999786376953,84.48999786376953,131095,81.50499725341797,84.97999954223633,94.32499885559082,,107.0999984741211,0,-1,,,0.0,0.0, , ,0.0,0.0, , 
87,2020-11-04,84.95999908447266,85.0,82.5,82.55000305175781,82.55000305175781,97159,81.50499725341797,84.97999954223633,94.32499885559082,,108.77999877929688,0,-1,,,0.0,0.0, , ,0.0,0.0, , 
88,2020-11-05,82.0,86.9800033569336,81.62000274658203,85.0,85.0,46798,81.52000045776367,84.97999954223633,94.19999885559082,,106.9800033569336,0,-1,,,0.0,0.0, , ,0.0,0.0, , 
89,2020-11-06,86.9800033569336,86.9800033569336,81.5999984741211,82.30000305175781,82.30000305175781,17119,81.52000045776367,84.02499771118164,94.07499885559082,,111.5,0,-1,,,0.0,0.0, , ,0.0,0.0, , 
90,2020-11-09,83.5,87.0,83.5,86.0,86.0,138875,81.52999877929688,84.02499771118164,93.67249870300293,,121.0,0,-1,,,0.0,0.0, , ,0.0,0.0, , 
91,2020-11-10,87.0,88.87999725341797,86.0,88.5,88.5,49505,82.46999740600586,84.02499771118164,93.375,,116.0,0,-1,,,0.0,0.0, , ,0.0,0.0, , 
92,2020-11-11,88.5,89.48999786376953,86.25,87.04000091552734,87.04000091552734,37253,84.11999893188477,84.02499771118164,93.0,,111.91999816894533,0,-1,1.0,,0.0,0.0, , ,0.0,0.0, , 
93,2020-11-12,88.58000183105469,88.58000183105469,85.05999755859375,86.0,86.0,38531,85.27000045776367,83.27999877929688,93.0,,113.0,0,-1,,,0.0,0.0, , ,0.0,0.0, ,Buy
94,2020-11-13,86.0,87.19999694824219,85.20999908447266,87.0,87.0,25338,85.27000045776367,82.77499771118164,92.28000068664551,,108.0999984741211,0,-1,,,0.0,0.0, , ,0.0,0.0, , 
95,2020-11-16,86.87999725341797,88.97000122070312,85.5199966430664,87.5,87.5,75941,85.54499816894531,82.77499771118164,91.87500190734863,,111.0,0,-1,,,0.0,0.0, , ,0.0,0.0, , 
96,2020-11-17,87.5,89.5,87.0,89.5,89.5,23110,85.54999923706055,82.77999877929688,91.48999977111816,,113.63999938964844,0,-1,,,0.0,0.0, , ,0.0,0.0, , 
97,2020-11-18,90.0,90.0,87.5,88.0,88.0,23953,85.79999923706055,83.02999877929688,91.48999977111816,,116.5999984741211,0,-1,,,0.0,0.0, , ,0.0,0.0, , 
98,2020-11-19,88.0999984741211,88.5,86.0,86.30999755859375,86.30999755859375,17843,86.75,83.02999877929688,90.99749946594238,,116.83999633789062,0,-1,,,0.0,0.0, , ,0.0,0.0, , 
99,2020-11-20,85.69999694824219,89.5,85.69999694824219,89.0,89.0,129185,87.52999877929688,83.02999877929688,89.49749946594238,,117.5,0,-1,,-1.0,0.0,0.0, , ,0.0,0.0, , 
100,2020-11-23,89.0,89.48999786376953,87.20999908447266,89.37999725341797,89.37999725341797,53129,87.52999877929688,83.02999877929688,89.49749946594238,,112.83999633789062,0,-1,,1.0,0.0,0.0, , ,0.0,0.0, , 
101,2020-11-24,95.0,102.0,95.0,101.5,101.5,403818,93.52999877929688,89.02999877929688,89.49749946594238,,111.8000030517578,0,-1,,,0.0,0.0, , ,0.0,0.0, , 
102,2020-11-25,105.0999984741211,106.5,102.0,104.0,104.0,109141,95.85499954223633,91.27999877929688,87.375,,113.37999725341795,0,-1,,,0.0,0.0, , ,0.0,0.0, , 
103,2020-11-26,106.0,106.54000091552734,103.76000213623048,106.13999938964844,106.13999938964844,58658,96.02999877929688,91.29999923706055,86.98749923706055,100.5,113.4000015258789,1,-1,,,0.0,0.0, , ,0.0,0.0, , 
104,2020-11-27,108.0,109.0,105.0,107.41999816894533,107.41999816894533,70676,97.3499984741211,92.52999877929688,85.74250030517578,98.65999984741211,115.9800033569336,1,-1,,,0.0,0.0, , ,0.0,0.0, , 
105,2020-11-30,105.0,108.9000015258789,104.5,108.5,108.5,108930,97.3499984741211,92.52999877929688,85.61750030517578,98.65999984741211,115.45999908447266,1,-1,,,0.0,0.0, , ,0.0,0.0, , 
106,2020-12-01,111.0,112.0,109.5,111.5,111.5,186043,98.8499984741211,94.02999877929688,85.25250053405762,98.65999984741211,117.0,1,-1,,,0.0,0.0, , ,0.0,0.0, , 
107,2020-12-02,112.45999908447266,112.45999908447266,106.5999984741211,107.41999816894533,107.41999816894533,58968,99.07999801635742,94.2599983215332,84.875,98.65999984741211,116.5999984741211,1,-1,,,0.0,0.0, , ,0.0,0.0, , 
108,2020-12-03,107.41999816894533,109.94000244140624,105.95999908447266,109.0,109.0,45273,99.83499908447266,94.2599983215332,84.10249900817871,98.65999984741211,120.0,1,-1,,,0.0,0.0, , ,0.0,0.0, , 
109,2020-12-04,110.0,111.0,107.63999938964844,107.63999938964844,107.63999938964844,85783,103.72999954223633,95.60499954223633,83.45249938964844,98.5,120.0,1,-1,,,0.0,0.0, , ,0.0,0.0, , 
110,2020-12-07,110.95999908447266,110.95999908447266,108.0,109.9000015258789,109.9000015258789,50287,107.22999954223633,96.75500106811523,83.45249938964844,97.3499984741211,125.0,1,-1,,,0.0,0.0, , ,0.0,0.0, , 
111,2020-12-08,110.0,110.0,108.4000015258789,108.8000030517578,108.8000030517578,18596,108.11000061035156,96.75500106811523,83.49249839782715,94.4900016784668,127.95999908447266,1,-1,,,0.0,0.0, , ,0.0,0.0, , 
112,2020-12-09,109.5,109.5,106.5199966430664,107.0999984741211,107.0999984741211,92059,108.47999954223633,97.02999877929688,83.24249839782715,93.5,127.0,1,-1,,,0.0,0.0, , ,0.0,0.0, , 
113,2020-12-10,106.5,108.9000015258789,105.5,108.77999877929688,108.77999877929688,50495,108.47999954223633,97.02999877929688,83.24249839782715,93.5,123.4000015258789,1,-1,,-1.0,0.0,0.0, , ,0.0,0.0, , 
114,2020-12-11,108.77999877929688,108.9800033569336,106.0,106.9800033569336,106.9800033569336,29108,108.97999954223633,97.02999877929688,83.25,93.5,120.5,1,-1,,,0.0,0.0, , ,0.0,0.0, , 
115,2020-12-14,108.0,111.5,106.5199966430664,111.5,111.5,128810,108.97999954223633,97.97999954223633,82.77249908447266,93.5,118.0199966430664,1,-1,,,0.0,0.0, , ,0.0,0.0, , 
116,2020-12-15,116.55999755859376,121.0,115.0,121.0,121.0,333155,113.25,103.02999877929688,82.77749824523926,93.5,120.4000015258789,1,-1,,1.0,0.0,0.0, , ,0.0,0.0, , 
117,2020-12-16,123.0,124.5999984741211,115.0,116.0,116.0,229487,115.04999923706055,104.82999801635742,83.24749755859375,93.5,119.5,1,-1,,,0.0,0.0, , ,0.0,0.0, , 
118,2020-12-17,116.3000030517578,117.0,110.0,111.91999816894533,111.91999816894533,96792,115.04999923706055,104.82999801635742,84.0724983215332,93.5,116.0,1,-1,,,0.0,0.0, , ,0.0,0.0, , 
119,2020-12-18,113.8000030517578,115.5,112.87999725341795,113.0,113.0,99064,115.04999923706055,104.90499877929688,84.27499961853027,93.5,117.0,1,-1,,-1.0,0.0,0.0, , ,0.0,0.0, , 
120,2020-12-21,112.72000122070312,112.72000122070312,107.91999816894533,108.0999984741211,108.0999984741211,89006,115.04999923706055,105.05999755859375,84.02249908447266,93.5,115.04000091552734,1,-1,,,0.0,0.0, , ,0.0,0.0, , 
121,2020-12-22,108.9000015258789,112.5,108.9000015258789,111.0,111.0,94280,115.04999923706055,105.14999771118164,84.15999794006348,93.4000015258789,120.0,1,-1,,,0.0,0.0, , ,0.0,0.0, , 
122,2020-12-23,115.0,115.0,112.0,113.63999938964844,113.63999938964844,33914,115.29999923706055,105.14999771118164,84.16499900817871,93.01499938964844,118.5,1,-1,,,0.0,0.0, , ,0.0,0.0, , 
123,2020-12-28,114.0,118.5999984741211,114.0,116.5999984741211,116.5999984741211,43320,115.55999755859375,105.14999771118164,84.41499900817871,93.01499938964844,117.5,1,-1,,,0.0,0.0, , ,0.0,0.0, , 
124,2020-12-29,118.5,118.5,115.5,116.83999633789062,116.83999633789062,47568,116.2599983215332,105.14999771118164,84.88999938964844,93.0,120.18000030517578,1,-1,,1.0,0.0,0.0, , ,0.0,0.0, , 
125,2020-12-30,116.77999877929688,118.45999908447266,115.22000122070312,117.5,117.5,45932,116.2599983215332,105.90499877929688,85.27999877929688,91.5,118.04000091552734,1,-1,,,0.0,0.0, , ,0.0,0.0, , 
126,2021-01-04,119.4800033569336,119.4800033569336,112.0,112.83999633789062,112.83999633789062,105821,113.70000076293945,109.79999923706055,85.27999877929688,91.5,119.0,1,-1,,,0.0,0.0, , ,0.0,0.0, , 
127,2021-01-05,113.5,114.26000213623048,110.5,111.8000030517578,111.8000030517578,78187,113.70000076293945,113.29999923706055,91.27999877929688,91.5,122.0999984741211,1,-1,,-1.0,0.0,0.0, , ,0.0,0.0, , 
128,2021-01-06,113.0999984741211,114.0,111.66000366210938,113.37999725341795,113.37999725341795,64483,113.70000076293945,114.18000030517578,93.5674991607666,90.25,122.63999938964844,1,1,-1.0,,0.0,0.0, , ,0.0,0.0, , 
129,2021-01-07,114.5999984741211,114.5999984741211,111.1999969482422,113.4000015258789,113.4000015258789,71960,114.19000244140625,114.54999923706055,93.66499900817871,90.25,121.0,1,1,,1.0,0.0,0.0, ,Sell,0.0,0.0, , 
130,2021-01-08,113.0,115.9800033569336,111.62000274658205,115.9800033569336,115.9800033569336,90093,114.9900016784668,114.54999923706055,94.93999862670898,89.00500106811523,122.95999908447266,1,1,1.0,-1.0,1.0,1.0,Buy, ,0.0,0.0, , 
131,2021-01-11,119.0,122.9800033569336,114.5,115.45999908447266,115.45999908447266,239839,116.7400016784668,115.04999923706055,94.93999862670898,89.00500106811523,121.0,1,1,,1.0,1.0,0.0, , ,0.0,0.0, ,Buy
132,2021-01-12,119.16000366210938,119.16000366210938,115.62000274658205,117.0,117.0,140028,116.7400016784668,115.04999923706055,96.43999862670898,89.00500106811523,115.1999969482422,1,1,,,1.0,0.0, , ,0.0,0.0, , 
133,2021-01-13,118.0,118.0,114.5199966430664,116.5999984741211,116.5999984741211,107458,116.7400016784668,115.04999923706055,96.66999816894531,89.00500106811523,113.5,1,1,,,1.0,0.0, , ,0.0,0.0, , 
134,2021-01-14,119.26000213623048,121.58000183105467,118.0,120.0,120.0,394597,116.7400016784668,115.04999923706055,97.04749870300293,88.60499954223633,115.0,1,1,,,1.0,0.0, , ,0.0,0.0, , 
135,2021-01-15,121.5,125.4000015258789,120.0,120.0,120.0,157061,117.95000076293945,115.45000076293945,99.66749954223633,88.02999877929688,114.95999908447266,1,1,,,1.0,0.0, , ,0.0,0.0, , 
136,2021-01-18,120.54000091552734,125.0,120.1999969482422,125.0,125.0,151460,118.29999923706055,115.45000076293945,101.99250030517578,88.02999877929688,114.0,1,1,,,1.0,0.0, , ,0.0,0.0, , 
137,2021-01-19,125.0,129.0800018310547,124.6999969482422,127.95999908447266,127.95999908447266,116888,120.13999938964844,117.29000091552734,102.4325008392334,88.02999877929688,114.9800033569336,1,1,,,1.0,0.0, , ,0.0,0.0, , 
138,2021-01-20,128.8800048828125,128.8800048828125,125.0999984741211,127.0,127.0,74106,120.35000228881836,117.29000091552734,102.7549991607666,88.02999877929688,113.8000030517578,1,1,,,1.0,0.0, , ,0.0,0.0, , 
139,2021-01-21,127.5,127.5,120.0,123.4000015258789,123.4000015258789,65988,121.79000091552734,117.54000091552734,102.7549991607666,88.02999877929688,111.9800033569336,1,1,,,1.0,0.0, , ,0.0,0.0, , 
140,2021-01-22,123.0,123.0,119.22000122070312,120.5,120.5,53535,121.79999923706055,117.79999923706055,103.0049991607666,88.02999877929688,114.5999984741211,1,1,,,1.0,0.0, , ,0.0,0.0, , 
141,2021-01-25,119.5,119.5,115.0,118.0199966430664,118.0199966430664,104838,121.79999923706055,118.5,103.47999954223633,88.02999877929688,114.54000091552734,1,1,,-1.0,1.0,0.0, , ,0.0,0.0, , 
142,2021-01-26,115.05999755859376,121.5,114.0,120.4000015258789,120.4000015258789,124712,121.54000091552734,118.5,108.13999938964844,88.02999877929688,114.9000015258789,1,1,,,1.0,0.0, , ,0.0,0.0, , 
143,2021-01-27,122.0,122.0,116.0,119.5,119.5,68608,121.54000091552734,118.5,109.93999862670898,88.02999877929688,112.0,1,1,,1.0,1.0,0.0, , ,0.0,0.0, , 
144,2021-01-28,117.5,118.0,113.0999984741211,116.0,116.0,102239,121.09000015258789,118.5,109.93999862670898,88.02999877929688,111.0,1,1,,-1.0,1.0,0.0, , ,0.0,0.0, , 
145,2021-01-29,113.5999984741211,121.9800033569336,113.5999984741211,117.0,117.0,40819,121.09000015258789,118.5,109.97749900817871,88.02999877929688,108.45999908447266,1,1,,,1.0,0.0, , ,0.0,0.0, , 
146,2021-02-01,116.6999969482422,117.9800033569336,113.63999938964844,115.04000091552734,115.04000091552734,136922,120.9900016784668,118.9900016784668,110.05499839782715,88.02999877929688,108.87999725341795,1,1,,,1.0,0.0, , ,0.0,0.0, , 
147,2021-02-02,115.5,120.0,115.5,120.0,120.0,47809,120.29999923706055,119.79000091552734,110.0999984741211,88.02999877929688,108.1999969482422,1,1,,,1.0,0.0, , ,0.0,0.0, , 
148,2021-02-03,120.0,120.0,117.0,118.5,118.5,34134,118.04999923706055,119.79000091552734,110.2249984741211,88.02999877929688,107.0,1,1,-1.0,1.0,1.0,0.0, , ,0.0,0.0, , 
149,2021-02-04,119.94000244140624,119.94000244140624,117.12000274658205,117.5,117.5,19094,117.54999923706055,119.79000091552734,110.3549976348877,88.02999877929688,106.0,1,1,,,0.0,-1.0, ,Sell,0.0,0.0, , 
150,2021-02-05,119.0,123.0,119.0,120.18000030517578,120.18000030517578,38937,118.04999923706055,119.79000091552734,110.70499801635742,88.02999877929688,106.4800033569336,1,1,,,0.0,0.0, , ,0.0,0.0, , 
151,2021-02-08,121.9800033569336,122.8000030517578,118.0,118.04000091552734,118.04000091552734,28357,118.04999923706055,119.79000091552734,111.08249855041504,88.02999877929688,104.5999984741211,1,1,,,0.0,0.0, , ,0.0,0.0, , 
152,2021-02-09,119.0,119.55999755859376,116.8000030517578,119.0,119.0,33395,118.04999923706055,119.79000091552734,111.75,88.02999877929688,102.5999984741211,1,1,,,0.0,0.0, , ,0.0,0.0, , 
153,2021-02-10,118.0,124.37999725341795,117.0999984741211,122.0999984741211,122.0999984741211,63261,118.98999786376953,120.13999938964844,113.5,89.02999877929688,102.0,1,1,,-1.0,0.0,0.0, , ,0.0,0.0, , 
154,2021-02-11,122.0,123.5,119.22000122070312,122.63999938964844,122.63999938964844,39903,119.0099983215332,120.13999938964844,113.94000053405762,91.27999877929688,104.0,1,1,,1.0,0.0,0.0, , ,0.0,0.0, , 
155,2021-02-12,122.63999938964844,123.0,119.36000061035156,121.0,121.0,32789,119.93999862670898,120.35000228881836,114.3700008392334,91.29999923706055,107.27999877929688,1,1,,,1.0,1.0,Buy, ,0.0,0.0, , 
156,2021-02-15,121.1999969482422,123.9800033569336,119.5999984741211,122.95999908447266,122.95999908447266,41286,120.59000015258788,121.09000015258789,114.77000045776367,92.52999877929688,105.04000091552734,1,1,,,1.0,0.0, , ,0.0,0.0, , 
157,2021-02-16,124.4800033569336,124.87999725341795,116.5999984741211,121.0,121.0,239816,120.73999786376953,121.09000015258789,115.89500045776367,92.52999877929688,102.86000061035156,1,1,,,1.0,0.0, , ,0.0,0.0, , 
158,2021-02-17,120.9000015258789,121.0,115.1999969482422,115.1999969482422,115.1999969482422,249821,120.03999710083008,121.09000015258789,115.89500045776367,94.02999877929688,101.0,0,1,,,1.0,0.0, , ,0.0,0.0, , 
159,2021-02-18,118.77999877929688,118.77999877929688,113.31999969482422,113.5,113.5,94687,119.0999984741211,121.09000015258789,115.89500045776367,94.2599983215332,98.0999984741211,0,1,,-1.0,1.0,0.0, , ,0.0,0.0, , 
160,2021-02-19,114.5,115.0,113.1999969482422,115.0,115.0,48052,119.03999710083008,121.09000015258789,115.89500045776367,94.2599983215332,98.95999908447266,0,1,,,1.0,0.0, , ,0.0,0.0, , 
161,2021-02-22,114.0,117.9800033569336,113.0999984741211,114.95999908447266,114.95999908447266,50273,118.98999786376953,121.09000015258789,116.70000076293945,94.2599983215332,97.98999786376952,0,1,,,1.0,0.0, , ,0.0,0.0, , 
162,2021-02-23,114.95999908447266,114.95999908447266,112.0,114.0,114.0,90930,118.43999862670898,120.54000091552734,116.875,94.2599983215332,98.0,0,1,,,1.0,0.0, , ,0.0,0.0, , 
163,2021-02-24,114.68000030517578,114.9800033569336,113.0199966430664,114.9800033569336,114.9800033569336,69192,118.43999862670898,120.44000244140625,118.71500015258789,94.2599983215332,99.3000030517578,0,1,,,1.0,0.0, , ,0.0,0.0, , 
164,2021-02-25,112.0999984741211,114.95999908447266,112.0999984741211,113.8000030517578,113.8000030517578,246546,118.43999862670898,119.75,118.82000160217285,94.2599983215332,99.1999969482422,0,1,,,1.0,0.0, , ,0.0,0.0, , 
165,2021-02-26,110.22000122070312,112.5,110.22000122070312,111.9800033569336,111.9800033569336,44577,117.54999923706055,117.54999923706055,119.66500091552734,94.2599983215332,100.0,0,1,,,1.0,0.0, , ,0.0,0.0, , 
166,2021-03-01,112.0199966430664,114.5999984741211,112.0,114.5999984741211,114.5999984741211,17181,115.61000061035156,117.54999923706055,119.79999923706055,94.2599983215332,99.4000015258789,0,1,-1.0,,1.0,0.0, , ,0.0,0.0, , 
167,2021-03-02,113.18000030517578,114.8000030517578,112.3000030517578,114.54000091552734,114.54000091552734,55796,114.5,117.54999923706055,120.14999961853027,94.2599983215332,101.8000030517578,0,1,,,0.0,-1.0, ,Sell,0.0,0.0, , 
168,2021-03-03,113.5,115.77999877929688,113.5,114.9000015258789,114.9000015258789,40262,114.10000228881836,117.54999923706055,120.02000045776367,98.52999877929688,105.1999969482422,0,1,,,0.0,0.0, , ,0.0,0.0, , 
169,2021-03-04,111.16000366210938,114.77999877929688,111.16000366210938,112.0,112.0,39108,114.10000228881836,117.54999923706055,120.02000045776367,100.32999801635742,103.5999984741211,0,1,,,0.0,0.0, , ,0.0,0.0, , 
170,2021-03-05,111.1999969482422,112.0,108.22000122070312,111.0,111.0,71641,112.0,116.54999923706055,119.79500007629395,100.32999801635742,102.0,0,1,,,0.0,0.0, , ,0.0,0.0, , 
171,2021-03-08,107.5999984741211,114.87999725341795,106.6999969482422,108.45999908447266,108.45999908447266,72397,111.23999786376953,115.78999710083008,119.79500007629395,100.32999801635742,103.1999969482422,0,1,,,0.0,0.0, , ,0.0,0.0, , 
172,2021-03-09,107.6999969482422,110.0,107.6999969482422,108.87999725341795,108.87999725341795,51910,111.23999786376953,115.78999710083008,119.9900016784668,100.32999801635742,102.0,0,1,,,0.0,0.0, , ,0.0,0.0, , 
173,2021-03-10,109.0,109.0,107.0999984741211,108.1999969482422,108.1999969482422,19608,111.23999786376953,115.78999710083008,120.04500007629395,100.32999801635742,99.5,0,1,,,0.0,0.0, , ,0.0,0.0, , 
174,2021-03-11,109.0,109.0,105.5,107.0,107.0,33666,110.63999938964844,115.18999862670898,118.92000007629395,100.32999801635742,100.0,0,1,,,0.0,0.0, , ,0.0,0.0, , 
175,2021-03-12,107.0,107.0,105.73999786376952,106.0,106.0,20070,110.63999938964844,115.18999862670898,118.67000007629395,100.32999801635742,98.0999984741211,0,1,,,0.0,0.0, , ,0.0,0.0, , 
176,2021-03-15,105.5,107.77999877929688,104.0,106.4800033569336,106.4800033569336,32222,109.88999938964844,114.43999862670898,118.92000007629395,100.32999801635742,96.8000030517578,0,1,,,0.0,0.0, , ,0.0,0.0, , 
177,2021-03-16,104.0,106.0,103.5199966430664,104.5999984741211,104.5999984741211,22073,109.19999694824219,114.19999694824219,118.92000007629395,100.32999801635742,96.0,0,1,,,0.0,0.0, , ,0.0,0.0, , 
178,2021-03-17,103.54000091552734,104.0,101.9000015258789,102.5999984741211,102.5999984741211,24221,108.38999938964844,113.38999938964844,118.92000007629395,100.32999801635742,95.8000030517578,0,1,,,0.0,0.0, , ,0.0,0.0, , 
179,2021-03-18,102.0,104.9800033569336,101.0,102.0,102.0,28163,107.93999862670898,112.93999862670898,119.56499862670898,100.32999801635742,96.0,0,1,,,0.0,0.0, , ,0.0,0.0, , 
180,2021-03-19,101.0,107.9800033569336,101.0,104.0,104.0,27203,105.5,112.93999862670898,119.57499885559082,100.32999801635742,89.19999694824219,0,1,,,0.0,0.0, , ,0.0,0.0, , 
181,2021-03-22,103.5999984741211,110.0,103.5999984741211,107.27999877929688,107.27999877929688,34404,105.5,112.93999862670898,120.14500045776367,100.32999801635742,88.80000305175781,0,1,,,0.0,0.0, , ,0.0,0.0, , 
182,2021-03-23,107.5999984741211,107.9800033569336,104.0199966430664,105.04000091552734,105.04000091552734,35986,105.5,112.93999862670898,120.84000015258789,100.32999801635742,84.69999694824219,0,1,,1.0,0.0,0.0, , ,0.0,0.0, , 
183,2021-03-24,109.9800033569336,109.9800033569336,100.5199966430664,102.86000061035156,102.86000061035156,57108,105.2599983215332,110.7599983215332,120.91499900817871,100.32999801635742,85.80000305175781,0,1,,,0.0,0.0, , ,0.0,0.0, , 
184,2021-03-25,101.87999725341795,102.5999984741211,98.0999984741211,101.0,101.0,48545,104.04999923706055,108.43999862670898,120.56499862670898,100.32999801635742,86.0,0,1,,-1.0,0.0,0.0, , ,0.0,0.0, , 
185,2021-03-26,101.0,102.3000030517578,97.9000015258789,98.0999984741211,98.0999984741211,188707,103.95000076293945,107.94000244140625,120.09499931335449,100.32999801635742,84.19999694824219,0,1,,,0.0,0.0, , ,0.0,0.0, , 
186,2021-03-29,97.0,99.0,96.0,98.95999908447266,98.95999908447266,23226,103.0,106.9900016784668,120.06499862670898,100.32999801635742,83.5,-1,1,,,0.0,0.0, , ,0.0,0.0, , 
187,2021-03-30,99.0,102.4800033569336,96.0199966430664,97.98999786376952,97.98999786376952,11983,103.0,105.88999938964844,120.03999900817871,102.07500076293945,82.4000015258789,0,1,,,0.0,0.0, , ,0.0,0.0, , 
188,2021-03-31,98.8000030517578,98.8000030517578,96.1500015258789,98.0,98.0,5244,103.0,105.88999938964844,119.48999977111816,103.22500228881836,79.0999984741211,-1,1,,,0.0,0.0, , ,0.0,0.0, , 
189,2021-04-06,98.0,101.8000030517578,96.5999984741211,99.3000030517578,99.3000030517578,51321,103.0,105.88999938964844,119.44000053405762,105.06500244140625,78.4000015258789,-1,1,,,0.0,0.0, , ,0.0,0.0, , 
190,2021-04-07,97.0999984741211,102.0,97.0999984741211,99.1999969482422,99.1999969482422,10639,102.9900016784668,105.88999938964844,119.09499931335449,105.34000015258789,76.9000015258789,-1,1,,,0.0,0.0, , ,0.0,0.0, , 
191,2021-04-08,98.1999969482422,101.8000030517578,98.1999969482422,100.0,100.0,18046,102.9900016784668,105.88999938964844,117.54999923706055,105.34000015258789,77.0999984741211,-1,1,,,0.0,0.0, , ,0.0,0.0, , 
192,2021-04-09,101.8000030517578,101.8000030517578,99.4000015258789,99.4000015258789,99.4000015258789,45345,99.29999923706055,105.88999938964844,116.57999992370605,105.34000015258789,74.80000305175781,-1,1,,1.0,0.0,0.0, , ,0.0,0.0, , 
193,2021-04-12,100.0,101.8000030517578,99.5999984741211,101.8000030517578,101.8000030517578,41667,99.2400016784668,105.88999938964844,116.02499961853027,106.29000091552734,74.30000305175781,-1,1,,,0.0,0.0, , ,0.0,0.0, , 
194,2021-04-13,103.0,106.4000015258789,101.8000030517578,105.1999969482422,105.1999969482422,20815,101.20000076293945,105.43999862670898,115.82500076293945,107.06999969482422,74.4000015258789,-1,1,,,0.0,0.0, , ,0.0,0.0, , 
195,2021-04-14,106.1999969482422,107.0,103.5999984741211,103.5999984741211,103.5999984741211,54578,101.5099983215332,105.43999862670898,115.82500076293945,107.06999969482422,79.80000305175781,-1,1,,,0.0,0.0, , ,0.0,0.0, , 
196,2021-04-15,103.1999969482422,105.0,99.8000030517578,102.0,102.0,54699,101.57500076293945,105.43999862670898,114.27499961853027,107.06999969482422,78.0,-1,1,,,0.0,0.0, , ,0.0,0.0, , 
197,2021-04-16,102.0,103.8000030517578,100.8000030517578,103.1999969482422,103.1999969482422,19050,101.79999923706055,103.0,113.5149974822998,107.14500045776367,78.0,-1,1,,,0.0,0.0, , ,0.0,0.0, , 
198,2021-04-19,100.1999969482422,103.0,98.6999969482422,102.0,102.0,274346,102.04999923706055,103.0,113.5149974822998,107.29999923706055,80.5999984741211,-1,1,,-1.0,0.0,0.0, , ,0.0,0.0, , 
199,2021-04-20,102.0,102.0,96.5,99.5,99.5,44461,101.75,103.0,113.5149974822998,107.38999938964844,80.80000305175781,-1,1,,1.0,0.0,0.0, , ,0.0,0.0, , 
200,2021-04-21,97.9000015258789,100.0,95.5,100.0,100.0,57709,101.25,102.75,112.91499900817871,107.38999938964844,81.4000015258789,-1,1,,-1.0,0.0,0.0, , ,0.0,0.0, , 
201,2021-04-22,100.0,102.4000015258789,97.4000015258789,98.0999984741211,98.0999984741211,30143,101.25,102.75,112.91499900817871,107.38999938964844,81.5999984741211,-1,1,,,0.0,0.0, , ,0.0,0.0, , 
202,2021-04-23,101.5999984741211,101.5999984741211,95.4000015258789,96.8000030517578,96.8000030517578,42077,101.20000076293945,102.70000076293945,112.16499900817871,107.38999938964844,79.5,-1,1,,1.0,0.0,0.0, , ,0.0,0.0, , 
203,2021-04-26,95.6999969482422,98.0,95.6999969482422,96.0,96.0,56404,101.20000076293945,102.70000076293945,111.69999694824219,108.14500045776367,81.30000305175781,-1,1,,-1.0,0.0,0.0, , ,0.0,0.0, , 
204,2021-04-27,96.0,97.0,95.5,95.8000030517578,95.8000030517578,20956,100.20000076293945,102.70000076293945,110.88999938964844,112.04000091552734,81.0,-1,-1,,,0.0,0.0, , ,0.0,0.0, , 
205,2021-04-28,97.5,97.5,95.0,96.0,96.0,19941,99.4000015258789,102.5,110.43999862670898,115.54000091552734,79.69999694824219,-1,-1,,,0.0,0.0, , ,0.0,0.0, , 
206,2021-04-29,95.0999984741211,95.6999969482422,89.19999694824219,89.19999694824219,89.19999694824219,518747,96.0999984741211,99.5999984741211,109.21999931335449,116.42000198364258,78.30000305175781,-1,-1,,,0.0,0.0, , ,0.0,0.0, , 
207,2021-04-30,90.9000015258789,90.9000015258789,86.80000305175781,88.80000305175781,88.80000305175781,76468,94.60000228881836,98.3900032043457,109.21999931335449,116.79000091552734,76.5999984741211,-1,-1,,,0.0,0.0, , ,0.0,0.0, , 
208,2021-05-03,87.9000015258789,88.80000305175781,84.0999984741211,84.69999694824219,84.69999694824219,272030,93.25,97.04000091552734,109.21999931335449,116.79000091552734,77.0,-1,-1,,,0.0,0.0, , ,0.0,0.0, , 
209,2021-05-04,84.5,86.5999984741211,83.30000305175781,85.80000305175781,85.80000305175781,39561,92.85000228881836,95.1500015258789,108.0099983215332,117.29000091552734,77.5,-1,-1,,,0.0,0.0, , ,0.0,0.0, , 
210,2021-05-05,86.0,86.5,81.5999984741211,86.0,86.0,239839,91.5999984741211,94.29999923706055,106.24499893188477,117.29000091552734,77.0,-1,-1,,,0.0,0.0, , ,0.0,0.0, , 
211,2021-05-06,86.30000305175781,86.30000305175781,83.0,84.19999694824219,84.19999694824219,22536,89.79999923706055,94.29999923706055,105.94500160217285,117.29000091552734,76.0999984741211,-1,-1,,,0.0,0.0, , ,0.0,0.0, , 
212,2021-05-07,83.69999694824219,84.0,82.9000015258789,83.5,83.5,116086,89.54999923706055,94.29999923706055,104.9950008392334,117.29000091552734,76.0,-1,-1,,,0.0,0.0, , ,0.0,0.0, , 
213,2021-05-10,84.30000305175781,84.30000305175781,82.0,82.4000015258789,82.4000015258789,29524,89.54999923706055,94.29999923706055,104.44499969482422,117.29000091552734,77.0,-1,-1,,,0.0,0.0, , ,0.0,0.0, , 
214,2021-05-11,82.0,82.0,77.0999984741211,79.0999984741211,79.0999984741211,200940,86.39999771118164,92.04999923706055,104.44499969482422,117.29000091552734,77.0,-1,-1,,,0.0,0.0, , ,0.0,0.0, , 
215,2021-05-12,79.0999984741211,83.30000305175781,77.4000015258789,78.4000015258789,78.4000015258789,203510,84.0,92.04999923706055,104.44499969482422,117.29000091552734,75.30000305175781,-1,-1,,,0.0,0.0, , ,0.0,0.0, , 
216,2021-05-14,80.0,82.9000015258789,75.0,76.9000015258789,76.9000015258789,106722,81.9000015258789,91.0,104.44000053405762,117.29000091552734,74.19999694824219,-1,-1,,,0.0,0.0, , ,0.0,0.0, , 
217,2021-05-18,77.5,79.5,75.9000015258789,77.0999984741211,77.0999984741211,34779,80.79999923706055,91.0,104.44000053405762,117.54000091552734,74.0999984741211,-1,-1,,,0.0,0.0, , ,0.0,0.0, , 
218,2021-05-19,76.80000305175781,77.0,73.0,74.80000305175781,74.80000305175781,52695,79.75,90.0,102.59499931335449,117.79999923706055,77.30000305175781,-1,-1,,,0.0,0.0, , ,0.0,0.0, , 
219,2021-05-20,74.80000305175781,76.0,72.19999694824219,74.30000305175781,74.30000305175781,134350,79.25,89.5999984741211,102.56500053405762,118.5,74.0999984741211,-1,-1,,,0.0,0.0, , ,0.0,0.0, , 
220,2021-05-21,73.5,76.30000305175781,73.0999984741211,74.4000015258789,74.4000015258789,186870,78.25,89.5999984741211,103.31999969482422,118.5,73.5999984741211,-1,-1,,,0.0,0.0, , ,0.0,0.0, , 
221,2021-05-25,75.0,80.19999694824219,74.5,79.80000305175781,79.80000305175781,112705,78.25,88.5999984741211,103.4749984741211,118.5,73.9000015258789,-1,-1,,,0.0,0.0, , ,0.0,0.0, , 
222,2021-05-26,79.80000305175781,79.80000305175781,76.80000305175781,78.0,78.0,86177,77.75,88.0,103.50749969482422,118.5,72.19999694824219,-1,-1,,1.0,0.0,0.0, , ,0.0,0.0, , 
223,2021-05-27,78.0,79.9000015258789,76.4000015258789,78.0,78.0,444325,77.75,87.5999984741211,102.39999961853027,117.88999938964844,72.30000305175781,-1,-1,,,0.0,0.0, , ,0.0,0.0, , 
224,2021-05-28,78.9000015258789,81.30000305175781,77.0,80.5999984741211,80.5999984741211,27168,77.54999923706055,87.29999923706055,102.52499961853027,117.88999938964844,71.19999694824219,-1,-1,,,0.0,0.0, , ,0.0,0.0, , 
225,2021-05-31,81.80000305175781,81.80000305175781,78.19999694824219,80.80000305175781,80.80000305175781,63042,77.0,87.29999923706055,102.375,117.88999938964844,73.5,-1,-1,,,0.0,0.0, , ,0.0,0.0, , 
226,2021-06-01,82.0,82.0,80.80000305175781,81.4000015258789,81.4000015258789,53593,77.0999984741211,87.29999923706055,102.0,117.29000091552734,72.30000305175781,-1,-1,,,0.0,0.0, , ,0.0,0.0, , 
227,2021-06-02,82.0,83.0999984741211,81.19999694824219,81.5999984741211,81.5999984741211,39859,77.64999771118164,86.89999771118164,102.0,117.29000091552734,72.30000305175781,-1,-1,,,0.0,0.0, , ,0.0,0.0, , 
228,2021-06-03,84.4000015258789,84.4000015258789,78.69999694824219,79.5,79.5,28069,78.75,85.0999984741211,101.95000076293945,116.54000091552734,73.69999694824219,-1,-1,,,0.0,0.0, , ,0.0,0.0, , 
229,2021-06-04,81.0,81.30000305175781,79.5999984741211,81.30000305175781,81.30000305175781,45032,79.45000076293945,84.8499984741211,101.95000076293945,116.29999923706055,73.4000015258789,-1,-1,,,0.0,0.0, , ,0.0,0.0, , 
230,2021-06-07,81.69999694824219,83.69999694824219,79.80000305175781,81.0,81.0,67945,80.4000015258789,84.8499984741211,101.45000076293945,115.4900016784668,74.0,-1,-1,,,0.0,0.0, , ,0.0,0.0, , 
231,2021-06-08,81.0,82.0999984741211,79.0999984741211,79.69999694824219,79.69999694824219,23137,80.4000015258789,83.94999694824219,100.95000076293945,115.04000091552734,63.0,-1,-1,,,0.0,0.0, , ,0.0,0.0, , 
232,2021-06-09,79.0,79.69999694824219,78.30000305175781,78.30000305175781,78.30000305175781,29313,80.70000076293945,81.54999923706055,97.8499984741211,115.04000091552734,60.0,-1,-1,,-1.0,0.0,0.0, , ,0.0,0.0, , 
233,2021-06-10,78.19999694824219,78.5999984741211,75.30000305175781,76.5999984741211,76.5999984741211,55719,79.85000228881836,80.5,96.49500274658203,115.04000091552734,57.900001525878906,-1,-1,,,0.0,0.0, , ,-1.0,-1.0, , 
234,2021-06-11,80.80000305175781,80.80000305175781,75.80000305175781,77.0,77.0,16157,79.85000228881836,79.39999771118164,95.14500045776367,115.04000091552734,55.70000076293945,-1,-1,1.0,1.0,0.0,0.0, , ,-1.0,0.0, , 
235,2021-06-14,77.30000305175781,78.9000015258789,77.0,77.5,77.5,34746,79.85000228881836,79.3499984741211,94.00000190734863,114.79999923706055,53.0,-1,-1,,-1.0,0.0,0.0, , ,0.0,1.0,Sell,Buy
236,2021-06-15,77.0,78.4000015258789,77.0,77.0,77.0,26592,79.85000228881836,79.25,92.94999885559082,113.59000015258789,52.0,-1,-1,,,0.0,0.0, , ,-1.0,-1.0, , 
237,2021-06-16,79.0,79.0,76.0999984741211,76.0999984741211,76.0999984741211,68748,79.5,78.29999923706055,92.04999923706055,113.4900016784668,53.20000076293945,-1,-1,,,0.0,0.0, , ,-1.0,0.0, , 
238,2021-06-17,76.0,78.5,74.30000305175781,76.0,76.0,39001,79.0,78.29999923706055,91.92499923706055,112.54000091552734,53.59999847412109,-1,-1,,,0.0,0.0, , ,-1.0,0.0, , 
239,2021-06-18,79.0,79.0,75.0,77.0,77.0,39656,78.20000076293945,78.29999923706055,91.92499923706055,112.54000091552734,52.20000076293945,-1,-1,-1.0,1.0,0.0,0.0, , ,-1.0,0.0, , 
240,2021-06-21,79.30000305175781,79.30000305175781,73.0999984741211,77.0,77.0,43673,76.95000076293945,78.29999923706055,89.2249984741211,112.54000091552734,54.0,-1,-1,,,0.0,0.0, ,Sell,-1.0,0.0, , 
241,2021-06-22,79.69999694824219,79.69999694824219,74.5999984741211,75.30000305175781,75.30000305175781,21175,76.95000076293945,78.29999923706055,88.02499961853027,112.44000244140625,51.59999847412109,-1,-1,,,0.0,0.0, , ,-1.0,0.0, , 
242,2021-06-23,75.0,75.69999694824219,74.19999694824219,74.19999694824219,74.19999694824219,16349,76.95000076293945,78.29999923706055,86.45000076293945,111.75,51.0,-1,-1,,-1.0,0.0,0.0, , ,-1.0,0.0, , 
243,2021-06-24,79.0,79.0,73.5,74.0999984741211,74.0999984741211,25100,76.39999771118164,78.29999923706055,85.89999961853027,110.43999862670898,50.59999847412109,-1,-1,,1.0,0.0,0.0, , ,-1.0,0.0, , 
244,2021-06-25,75.0,77.30000305175781,73.5,77.30000305175781,77.30000305175781,27433,76.39999771118164,78.29999923706055,84.875,110.43999862670898,52.900001525878906,-1,-1,,-1.0,0.0,0.0, , ,-1.0,0.0, , 
245,2021-06-28,75.5,76.30000305175781,73.5,74.0999984741211,74.0999984741211,126850,76.39999771118164,78.75,84.42499923706055,110.43999862670898,51.59999847412109,-1,-1,,,0.0,0.0, , ,-1.0,0.0, , 
246,2021-06-29,74.19999694824219,74.69999694824219,72.9000015258789,73.5999984741211,73.5999984741211,24463,76.29999923706055,78.6500015258789,83.92499923706055,110.43999862670898,49.70000076293945,-1,-1,,,0.0,0.0, , ,-1.0,0.0, , 
247,2021-06-30,73.4000015258789,74.4000015258789,72.9000015258789,73.9000015258789,73.9000015258789,36152,76.29999923706055,78.6500015258789,83.42499923706055,110.43999862670898,,-1,-1,,,0.0,0.0, , ,-1.0,0.0, , 
248,2021-07-01,74.69999694824219,74.69999694824219,72.19999694824219,72.19999694824219,72.19999694824219,74858,75.94999694824219,78.29999923706055,82.875,110.43999862670898,,-1,-1,,,0.0,0.0, , ,-1.0,0.0, , 
249,2021-07-02,72.19999694824219,73.0,72.0999984741211,72.30000305175781,72.30000305175781,56295,75.89999771118164,78.25,82.67499923706055,110.43999862670898,,-1,-1,,,0.0,0.0, , ,-1.0,0.0, , 
250,2021-07-05,72.5,72.80000305175781,70.80000305175781,71.19999694824219,71.19999694824219,46314,74.9000015258789,77.60000228881836,82.42499923706055,110.43999862670898,,-1,-1,,,0.0,0.0, , ,-1.0,0.0, , 
251,2021-07-06,71.0,74.0,68.0999984741211,73.5,73.5,66000,73.54999923706055,76.25,82.14999961853027,110.43999862670898,,-1,-1,,,0.0,0.0, , ,-1.0,0.0, , 
252,2021-07-07,74.80000305175781,74.80000305175781,70.69999694824219,72.30000305175781,72.30000305175781,108224,72.70000076293945,76.25,82.19999885559082,110.18999862670898,,-1,-1,,1.0,0.0,0.0, , ,-1.0,0.0, , 
253,2021-07-08,73.0,73.0,70.0999984741211,72.30000305175781,72.30000305175781,46814,72.20000076293945,76.25,82.27499771118164,110.18999862670898,,-1,-1,,,0.0,0.0, , ,-1.0,0.0, , 
254,2021-07-09,73.0,74.30000305175781,70.30000305175781,73.69999694824219,73.69999694824219,47839,71.45000076293945,75.89999771118164,81.92499923706055,110.13999938964844,,-1,-1,,,0.0,0.0, , ,-1.0,0.0, , 
255,2021-07-12,74.80000305175781,76.5999984741211,72.9000015258789,73.4000015258789,73.4000015258789,116788,72.3499984741211,75.89999771118164,82.14999961853027,110.13999938964844,,-1,-1,,,0.0,0.0, , ,-1.0,0.0, , 
256,2021-07-13,73.5,74.0,71.80000305175781,74.0,74.0,29570,72.3499984741211,75.0999984741211,82.625,110.13999938964844,,-1,-1,,,0.0,0.0, , ,-1.0,0.0, , 
257,2021-07-14,70.0,71.0,63.0,63.0,63.0,378159,69.79999923706055,71.9000015258789,82.17499923706055,109.93999862670898,,-1,-1,,,0.0,0.0, , ,-1.0,0.0, , 
258,2021-07-15,64.0,64.0,57.5,60.0,60.0,309007,67.04999923706055,69.1500015258789,81.125,107.03999710083008,,-1,-1,,-1.0,0.0,0.0, , ,-1.0,0.0, , 
259,2021-07-16,59.70000076293945,60.59999847412109,57.70000076293945,57.900001525878906,57.900001525878906,80869,67.04999923706055,69.1500015258789,80.17500114440918,105.84000015258789,,-1,-1,,,0.0,0.0, , ,-1.0,0.0, , 
260,2021-07-19,57.20000076293945,57.20000076293945,53.79999923706055,55.70000076293945,55.70000076293945,153521,65.19999885559082,66.74999809265137,79.625,104.48999786376953,,-1,-1,,,0.0,0.0, , ,-1.0,0.0, , 
261,2021-07-20,55.70000076293945,57.0,52.400001525878906,53.0,53.0,146385,64.5,66.04999923706055,79.60000038146973,102.1500015258789,,-1,-1,,,0.0,0.0, , ,-1.0,0.0, , 
262,2021-07-21,56.900001525878906,56.900001525878906,51.29999923706055,52.0,52.0,120845,63.94999885559082,65.49999809265137,79.55000114440918,100.18999862670898,,-1,-1,,,0.0,0.0, , ,-1.0,0.0, , 
263,2021-07-22,51.70000076293945,55.0,51.70000076293945,53.20000076293945,53.20000076293945,82225,63.94999885559082,65.49999809265137,78.89999961853027,99.79000091552734,,-1,-1,,,0.0,0.0, , ,-1.0,0.0, , 
264,2021-07-23,54.79999923706055,54.79999923706055,53.20000076293945,53.59999847412109,53.59999847412109,63287,62.64999961853027,65.49999809265137,78.64999961853027,99.79000091552734,,-1,-1,,,0.0,0.0, , ,-1.0,0.0, , 
265,2021-07-26,54.79999923706055,54.79999923706055,52.0,52.20000076293945,52.20000076293945,59689,61.14999961853027,65.49999809265137,78.25,98.68999862670898,,-1,-1,,,0.0,0.0, , ,-1.0,0.0, , 
266,2021-07-27,55.0,55.0,50.70000076293945,54.0,54.0,99633,57.35000038146973,65.19999885559082,77.625,96.43999862670898,,-1,-1,,,0.0,0.0, , ,-1.0,0.0, , 
267,2021-07-28,54.0,54.0,51.0,51.59999847412109,51.59999847412109,126408,55.64999961853027,64.85000038146973,77.625,96.43999862670898,,-1,-1,,,0.0,0.0, , ,-1.0,0.0, , 
268,2021-07-29,53.900001525878906,53.900001525878906,51.0,51.0,51.0,96457,53.95000076293945,64.85000038146973,77.625,95.38999938964844,,-1,-1,,,0.0,0.0, , ,-1.0,0.0, , 
269,2021-07-30,51.0,52.29999923706055,50.0,50.59999847412109,50.59999847412109,110300,53.5,63.650001525878906,77.3499984741211,95.38999938964844,,-1,-1,,,0.0,0.0, , ,-1.0,0.0, , 
270,2021-08-02,51.09999847412109,53.09999847412109,51.09999847412109,52.900001525878906,52.900001525878906,235573,53.45000076293945,63.29999923706055,77.3499984741211,94.38999938964844,,-1,-1,,,0.0,0.0, , ,-1.0,0.0, , 
271,2021-08-03,53.5,53.5,50.59999847412109,51.59999847412109,51.59999847412109,121482,52.5,63.29999923706055,77.57499885559082,93.98999786376953,,-1,-1,,1.0,0.0,0.0, , ,-1.0,0.0, , 
272,2021-08-04,51.900001525878906,52.0,49.59999847412109,49.70000076293945,49.70000076293945,82972,52.29999923706055,63.099998474121094,77.47500038146973,93.53999710083008,,-1,-1,,-1.0,0.0,0.0, , ,-1.0,0.0, , 
