,Unnamed: 0,Open,High,Low,Close,Adj Close,Volume,tenkan_sen,kijun_sen,senkou_span_a,senkou_span_b,chikou_span,above_cloud,A_above_B,tenkan_kiju_cross,price_tenkan_cross,buy,Long_Position,Long_Buy,Long_Sell,sell,Short_Position,Short_Sell,Short_buy
0,2020-12-03 14:00:00+01:00,158.0,158.0,158.0,158.0,158.0,0.0,,,,,161.0,0,-1,,,,, , ,,, , 
1,2020-12-03 15:00:00+01:00,159.0,159.0,159.0,159.0,159.0,45.0,,,,,162.0,0,-1,,,,, , ,,, , 
2,2020-12-04 13:00:00+01:00,160.0,160.0,160.0,160.0,160.0,0.0,,,,,161.0,0,-1,,,,, , ,,, , 
3,2020-12-04 16:00:00+01:00,160.0,160.0,160.0,160.0,160.0,55.0,,,,,160.0,0,-1,,,,, , ,,, , 
4,2020-12-07 09:00:00+01:00,160.0,160.0,160.0,160.0,160.0,0.0,,,,,160.0,0,-1,,,,, , ,,, , 
5,2020-12-07 10:00:00+01:00,162.0,162.0,159.0,159.0,159.0,400.0,,,,,162.0,0,-1,,,,, , ,,, , 
6,2020-12-09 10:00:00+01:00,161.0,161.0,161.0,161.0,161.0,0.0,,,,,158.0,0,-1,,,,, , ,,, , 
7,2020-12-09 14:00:00+01:00,160.0,160.0,160.0,160.0,160.0,69.0,,,,,156.0,0,-1,,,,, , ,,, , 
8,2020-12-10 14:00:00+01:00,155.0,155.0,155.0,155.0,155.0,190.0,158.5,,,,160.0,0,-1,,,,, , ,,, , 
9,2020-12-10 15:00:00+01:00,153.0,157.0,153.0,157.0,157.0,65.0,157.5,,,,159.0,0,-1,,,,, , ,,, , 
10,2020-12-11 10:00:00+01:00,158.0,158.0,158.0,158.0,158.0,0.0,157.5,,,,159.0,0,-1,,1.0,,, , ,,, , 
11,2020-12-11 15:00:00+01:00,160.0,160.0,160.0,160.0,160.0,16.0,157.5,,,,159.0,0,-1,,,,, , ,,, , 
12,2020-12-14 12:00:00+01:00,160.0,160.0,160.0,160.0,160.0,0.0,157.5,,,,160.0,0,-1,,,,, , ,,, , 
13,2020-12-15 09:00:00+01:00,161.0,161.0,161.0,161.0,161.0,0.0,157.5,,,,162.0,0,-1,,,,, , ,,, , 
14,2020-12-15 11:00:00+01:00,161.0,161.0,161.0,161.0,161.0,100.0,157.0,,,,162.0,0,-1,,,,, , ,,, , 
15,2020-12-16 09:00:00+01:00,161.0,161.0,161.0,161.0,161.0,0.0,157.0,,,,163.0,0,-1,,,,, , ,,, , 
16,2020-12-16 14:00:00+01:00,162.0,162.0,162.0,162.0,162.0,200.0,157.5,,,,166.0,0,-1,,,,, , ,,, , 
17,2020-12-18 15:00:00+01:00,161.0,161.0,161.0,161.0,161.0,0.0,157.5,,,,166.0,0,-1,,,,, , ,,, , 
18,2020-12-21 15:00:00+01:00,160.0,160.0,160.0,160.0,160.0,27.0,160.0,,,,166.0,0,-1,,,,, , ,,, , 
19,2020-12-22 09:00:00+01:00,162.0,162.0,162.0,162.0,162.0,273.0,161.0,,,,166.0,0,-1,,1.0,,, , ,,, , 
20,2020-12-28 09:00:00+01:00,162.0,164.0,162.0,164.0,164.0,0.0,162.0,,,,166.0,0,-1,,,,, , ,,, , 
21,2020-12-28 11:00:00+01:00,163.0,163.0,161.0,161.0,161.0,1707.0,162.0,,,,165.0,0,-1,,1.0,,, , ,,, , 
22,2020-12-28 12:00:00+01:00,161.0,161.0,161.0,161.0,161.0,326.0,162.0,,,,169.0,0,-1,,-1.0,,, , ,,, , 
23,2020-12-28 13:00:00+01:00,163.0,163.0,163.0,163.0,163.0,90.0,162.0,,,,165.0,0,-1,,1.0,,, , ,,, , 
24,2020-12-29 11:00:00+01:00,163.0,164.0,163.0,164.0,164.0,114.0,162.0,,,,170.0,0,-1,,,,, , ,,, , 
25,2020-12-29 15:00:00+01:00,164.0,164.0,164.0,164.0,164.0,0.0,162.0,158.5,,,170.0,0,-1,,,,, , ,,, , 
26,2020-12-30 12:00:00+01:00,161.0,161.0,161.0,161.0,161.0,3.0,162.0,158.5,,,166.0,0,-1,,-1.0,,, , ,,, , 
27,2020-12-30 13:00:00+01:00,162.0,162.0,162.0,162.0,162.0,3.0,162.5,158.5,,,166.0,0,-1,,,,, , ,,, , 
28,2020-12-30 14:00:00+01:00,161.0,161.0,161.0,161.0,161.0,4.0,162.5,158.5,,,166.0,0,-1,,,,, , ,,, , 
29,2020-12-30 15:00:00+01:00,160.0,160.0,160.0,160.0,160.0,59.0,162.0,158.5,,,168.0,0,-1,,,,, , ,,, , 
30,2021-01-04 09:00:00+01:00,160.0,160.0,160.0,160.0,160.0,0.0,162.0,158.5,,,168.0,0,-1,,,,, , ,,, , 
31,2021-01-04 10:00:00+01:00,162.0,162.0,162.0,162.0,162.0,295.0,162.0,158.5,,,170.0,0,-1,,,,, , ,,, , 
32,2021-01-05 09:00:00+01:00,158.0,158.0,158.0,158.0,158.0,0.0,161.0,158.5,,,168.0,0,-1,,-1.0,,, , ,,, , 
33,2021-01-05 14:00:00+01:00,157.0,157.0,156.0,156.0,156.0,357.0,160.0,158.5,,,168.0,0,-1,,,,, , ,,, , 
34,2021-01-05 15:00:00+01:00,160.0,160.0,160.0,160.0,160.0,25.0,159.0,158.5,,,169.0,0,-1,,1.0,,, , ,,, , 
35,2021-01-08 09:00:00+01:00,159.0,159.0,159.0,159.0,159.0,0.0,159.0,160.0,,,168.0,0,-1,-1.0,,,, , ,,, , 
36,2021-01-08 10:00:00+01:00,159.0,159.0,159.0,159.0,159.0,1182.0,159.0,160.0,,,168.0,0,-1,,,0.0,, ,Sell,,, , 
37,2021-01-08 12:00:00+01:00,159.0,159.0,159.0,159.0,159.0,420.0,159.0,160.0,,,170.0,0,-1,,,0.0,0.0, , ,,, , 
38,2021-01-08 15:00:00+01:00,160.0,160.0,160.0,160.0,160.0,53.0,159.0,160.0,,,168.0,0,-1,,1.0,0.0,0.0, , ,,, , 
39,2021-01-11 10:00:00+01:00,162.0,162.0,162.0,162.0,162.0,32.0,159.0,160.0,,,163.0,0,-1,,,0.0,0.0, , ,,, , 
40,2021-01-12 13:00:00+01:00,162.0,162.0,162.0,162.0,162.0,0.0,159.0,160.0,,,166.0,0,-1,,,0.0,0.0, , ,,, , 
41,2021-01-13 10:00:00+01:00,163.0,163.0,163.0,163.0,163.0,202.0,159.5,160.0,,,166.0,0,-1,,,0.0,0.0, , ,,, , 
42,2021-01-14 09:00:00+01:00,166.0,166.0,166.0,166.0,166.0,0.0,162.5,161.0,,,163.0,0,-1,1.0,,0.0,0.0, , ,,, , 
43,2021-01-14 11:00:00+01:00,166.0,166.0,166.0,166.0,166.0,1.0,162.5,161.0,,,164.0,0,-1,,,0.0,0.0, , ,0.0,, ,Buy
44,2021-01-14 13:00:00+01:00,166.0,166.0,166.0,166.0,166.0,150.0,162.5,161.0,,,164.0,0,-1,,,0.0,0.0, , ,0.0,0.0, , 
45,2021-01-15 09:00:00+01:00,166.0,166.0,166.0,166.0,166.0,0.0,162.5,161.0,,,166.0,0,-1,,,0.0,0.0, , ,0.0,0.0, , 
46,2021-01-15 10:00:00+01:00,166.0,166.0,166.0,166.0,166.0,45.0,163.0,161.0,,,168.0,0,-1,,,0.0,0.0, , ,0.0,0.0, , 
47,2021-01-15 12:00:00+01:00,165.0,165.0,165.0,165.0,165.0,3.0,164.0,161.0,,,168.0,0,-1,,,0.0,0.0, , ,0.0,0.0, , 
48,2021-01-18 09:00:00+01:00,165.0,169.0,165.0,169.0,169.0,52.0,165.5,162.5,,,168.0,0,-1,,-1.0,0.0,0.0, , ,0.0,0.0, , 
49,2021-01-18 10:00:00+01:00,165.0,165.0,165.0,165.0,165.0,1.0,166.0,162.5,,,168.0,0,-1,,,0.0,0.0, , ,0.0,0.0, , 
50,2021-01-19 10:00:00+01:00,170.0,170.0,170.0,170.0,170.0,0.0,167.5,163.0,,,168.0,0,-1,,1.0,0.0,0.0, , ,0.0,0.0, , 
51,2021-01-19 12:00:00+01:00,170.0,170.0,170.0,170.0,170.0,50.0,167.5,163.0,160.25,,165.0,0,-1,,,0.0,0.0, , ,0.0,0.0, , 
52,2021-01-19 13:00:00+01:00,166.0,166.0,166.0,166.0,166.0,7.0,167.5,163.0,160.25,,165.0,0,-1,,-1.0,0.0,0.0, , ,0.0,0.0, , 
53,2021-01-21 09:00:00+01:00,166.0,166.0,166.0,166.0,166.0,0.0,167.5,163.0,160.5,,164.0,0,-1,,,0.0,0.0, , ,0.0,0.0, , 
54,2021-01-22 09:00:00+01:00,166.0,166.0,166.0,166.0,166.0,0.0,167.5,163.0,160.5,,165.0,0,-1,,,0.0,0.0, , ,0.0,0.0, , 
55,2021-01-25 09:00:00+01:00,168.0,168.0,168.0,168.0,168.0,10.0,167.5,163.0,160.25,,165.0,0,-1,,1.0,0.0,0.0, , ,0.0,0.0, , 
56,2021-01-25 11:00:00+01:00,168.0,168.0,168.0,168.0,168.0,48.0,167.5,163.0,160.25,,165.0,0,-1,,,0.0,0.0, , ,0.0,0.0, , 
57,2021-01-25 13:00:00+01:00,170.0,170.0,170.0,170.0,170.0,24.0,167.5,163.0,160.25,,165.0,0,-1,,,0.0,0.0, , ,0.0,0.0, , 
58,2021-01-25 14:00:00+01:00,168.0,168.0,168.0,168.0,168.0,52.0,168.0,163.0,159.75,,164.0,0,-1,,,0.0,0.0, , ,0.0,0.0, , 
59,2021-01-25 15:00:00+01:00,168.0,168.0,168.0,168.0,168.0,20.0,168.0,164.5,159.25,,162.0,0,-1,,,0.0,0.0, , ,0.0,0.0, , 
60,2021-01-26 09:00:00+01:00,168.0,169.0,168.0,169.0,169.0,415.0,168.0,164.5,158.75,,162.0,0,-1,,,0.0,0.0, , ,0.0,0.0, , 
61,2021-01-26 10:00:00+01:00,169.0,169.0,168.0,168.0,168.0,84.0,168.0,164.5,159.5,,162.0,0,-1,,1.0,0.0,0.0, , ,0.0,0.0, , 
62,2021-01-26 12:00:00+01:00,168.0,168.0,168.0,168.0,168.0,3.0,168.0,164.5,159.5,,160.0,0,-1,,,0.0,0.0, , ,0.0,0.0, , 
63,2021-01-26 14:00:00+01:00,170.0,170.0,170.0,170.0,170.0,30.0,169.0,165.0,159.5,,160.0,0,-1,,1.0,0.0,0.0, , ,0.0,0.0, , 
64,2021-01-27 12:00:00+01:00,168.0,168.0,168.0,168.0,168.0,0.0,169.0,166.0,159.5,,160.0,0,-1,,-1.0,0.0,0.0, , ,0.0,0.0, , 
65,2021-01-28 09:00:00+01:00,163.0,163.0,163.0,163.0,163.0,43.0,166.5,166.0,159.5,,159.0,0,-1,,,0.0,0.0, , ,0.0,0.0, , 
66,2021-01-29 14:00:00+01:00,166.0,166.0,166.0,166.0,166.0,50.0,166.5,166.5,159.5,,160.0,0,-1,,,0.0,0.0, , ,0.0,0.0, , 
67,2021-01-29 15:00:00+01:00,166.0,166.0,166.0,166.0,166.0,16.0,166.5,166.5,159.75,,160.0,0,-1,,,0.0,0.0, , ,0.0,0.0, , 
68,2021-02-01 09:00:00+01:00,164.0,164.0,163.0,163.0,163.0,4.0,166.5,166.5,161.75,,160.0,0,-1,,,0.0,0.0, , ,0.0,0.0, , 
69,2021-02-01 14:00:00+01:00,164.0,164.0,164.0,164.0,164.0,200.0,166.5,166.5,161.75,,160.0,0,-1,,,0.0,0.0, , ,0.0,0.0, , 
70,2021-02-01 15:00:00+01:00,164.0,164.0,164.0,164.0,164.0,33.0,166.5,166.5,161.75,,161.0,0,-1,,,0.0,0.0, , ,0.0,0.0, , 
71,2021-02-02 12:00:00+01:00,166.0,166.0,166.0,166.0,166.0,0.0,166.5,166.5,161.75,,161.0,0,-1,,,0.0,0.0, , ,0.0,0.0, , 
72,2021-02-02 13:00:00+01:00,168.0,168.0,168.0,168.0,168.0,1.0,165.5,166.5,162.0,,162.0,0,-1,-1.0,1.0,0.0,0.0, , ,0.0,0.0, , 
73,2021-02-03 09:00:00+01:00,168.0,168.0,168.0,168.0,168.0,0.0,165.5,166.5,162.5,,162.0,0,-1,,,0.0,0.0, ,Sell,0.0,0.0, , 
74,2021-02-03 10:00:00+01:00,168.0,168.0,168.0,168.0,168.0,700.0,165.5,166.5,164.0,,162.0,0,-1,,,0.0,0.0, , ,0.0,0.0, , 
75,2021-02-03 15:00:00+01:00,168.0,168.0,168.0,168.0,168.0,35.0,165.5,166.5,164.25,,162.0,0,-1,,,0.0,0.0, , ,0.0,0.0, , 
76,2021-02-04 15:00:00+01:00,168.0,168.0,168.0,168.0,168.0,0.0,165.5,166.5,165.25,,163.0,0,-1,,,0.0,0.0, , ,0.0,0.0, , 
77,2021-02-08 09:00:00+01:00,165.0,165.0,165.0,165.0,165.0,1208.0,166.0,166.5,165.25,,163.0,0,-1,,-1.0,0.0,0.0, , ,0.0,0.0, , 
78,2021-02-08 10:00:00+01:00,165.0,165.0,165.0,165.0,165.0,605.0,166.0,166.5,165.25,,162.0,0,-1,,,0.0,0.0, , ,0.0,0.0, , 
79,2021-02-08 11:00:00+01:00,164.0,164.0,164.0,164.0,164.0,1.0,166.0,166.5,165.25,,162.0,0,-1,,,0.0,0.0, , ,0.0,0.0, , 
80,2021-02-08 13:00:00+01:00,165.0,165.0,165.0,165.0,165.0,250.0,166.0,166.5,165.25,,163.0,0,-1,,,0.0,0.0, , ,0.0,0.0, , 
81,2021-02-09 14:00:00+01:00,165.0,165.0,165.0,165.0,165.0,57.0,166.0,166.5,165.25,,162.0,0,-1,,,0.0,0.0, , ,0.0,0.0, , 
82,2021-02-09 15:00:00+01:00,165.0,165.0,165.0,165.0,165.0,0.0,166.0,166.5,165.25,,165.0,0,-1,,,0.0,0.0, , ,0.0,0.0, , 
83,2021-02-10 11:00:00+01:00,165.0,165.0,165.0,165.0,165.0,520.0,166.0,166.5,165.25,,164.0,0,-1,,,0.0,0.0, , ,0.0,0.0, , 
84,2021-02-10 13:00:00+01:00,164.0,164.0,164.0,164.0,164.0,459.0,166.0,166.5,165.5,,162.0,0,-1,,,0.0,0.0, , ,0.0,0.0, , 
85,2021-02-10 14:00:00+01:00,162.0,162.0,162.0,162.0,162.0,186.0,163.5,166.0,166.25,,164.0,0,-1,,,0.0,0.0, , ,0.0,0.0, , 
86,2021-02-10 15:00:00+01:00,162.0,162.0,162.0,162.0,162.0,2675.0,163.5,166.0,166.25,,165.0,0,-1,,,0.0,0.0, , ,0.0,0.0, , 
87,2021-02-10 16:00:00+01:00,162.0,162.0,162.0,162.0,162.0,300.0,163.5,166.0,166.25,,171.0,0,-1,,,0.0,0.0, , ,0.0,0.0, , 
88,2021-02-11 13:00:00+01:00,160.0,160.0,160.0,160.0,160.0,0.0,162.5,165.0,166.25,,174.0,0,-1,,,0.0,0.0, , ,0.0,0.0, , 
89,2021-02-11 15:00:00+01:00,160.0,160.0,160.0,160.0,160.0,458.0,162.5,164.0,167.0,,174.0,0,-1,,,0.0,0.0, , ,0.0,0.0, , 
90,2021-02-12 10:00:00+01:00,160.0,160.0,160.0,160.0,160.0,0.0,162.5,164.0,167.5,,174.0,0,-1,,,0.0,0.0, , ,0.0,0.0, , 
91,2021-02-12 13:00:00+01:00,159.0,159.0,159.0,159.0,159.0,10.0,162.0,163.5,166.25,,170.0,0,-1,,,0.0,0.0, , ,0.0,0.0, , 
92,2021-02-12 14:00:00+01:00,160.0,160.0,160.0,160.0,160.0,0.0,161.5,163.5,166.5,,170.0,0,-1,,,0.0,0.0, , ,0.0,0.0, , 
93,2021-02-15 09:00:00+01:00,160.0,160.0,160.0,160.0,160.0,10.0,160.5,163.5,166.5,,172.0,0,-1,,,0.0,0.0, , ,0.0,0.0, , 
94,2021-02-15 12:00:00+01:00,160.0,160.0,160.0,160.0,160.0,625.0,160.5,163.5,166.5,,172.0,0,-1,,,0.0,0.0, , ,0.0,0.0, , 
95,2021-02-16 09:00:00+01:00,160.0,160.0,160.0,160.0,160.0,0.0,160.5,163.5,166.5,,172.0,0,-1,,,0.0,0.0, , ,0.0,0.0, , 
96,2021-02-16 15:00:00+01:00,161.0,161.0,161.0,161.0,161.0,3.0,160.0,163.5,166.5,,170.0,0,-1,,1.0,0.0,0.0, , ,0.0,0.0, , 
97,2021-02-17 15:00:00+01:00,161.0,161.0,161.0,161.0,161.0,38.0,160.0,163.5,166.5,,172.0,0,-1,,,0.0,0.0, , ,0.0,0.0, , 
98,2021-02-19 09:00:00+01:00,162.0,162.0,162.0,162.0,162.0,0.0,160.5,163.5,166.0,,173.0,0,-1,,,0.0,0.0, , ,0.0,0.0, , 
99,2021-02-22 09:00:00+01:00,162.0,162.0,162.0,162.0,162.0,11.0,160.5,163.5,166.0,,173.0,0,-1,,,0.0,0.0, , ,0.0,0.0, , 
100,2021-02-22 10:00:00+01:00,162.0,162.0,162.0,162.0,162.0,92.0,161.0,163.5,166.0,,174.0,0,-1,,,0.0,0.0, , ,0.0,0.0, , 
101,2021-02-23 09:00:00+01:00,162.0,162.0,162.0,162.0,162.0,100.0,161.0,163.5,166.0,,174.0,0,-1,,,0.0,0.0, , ,0.0,0.0, , 
102,2021-02-23 11:00:00+01:00,163.0,163.0,163.0,163.0,163.0,1.0,161.5,162.0,166.0,,174.0,0,-1,,,0.0,0.0, , ,0.0,0.0, , 
103,2021-02-24 09:00:00+01:00,163.0,163.0,163.0,163.0,163.0,0.0,161.5,162.0,166.25,161.5,172.0,0,1,,,0.0,0.0, , ,0.0,0.0, , 
104,2021-02-24 13:00:00+01:00,162.0,162.0,162.0,162.0,162.0,50.0,162.0,162.0,166.25,161.5,173.0,0,1,,,0.0,0.0, , ,0.0,0.0, , 
105,2021-02-24 15:00:00+01:00,162.0,162.0,162.0,162.0,162.0,19.0,162.0,162.0,166.25,161.5,173.0,0,1,,,0.0,0.0, , ,0.0,0.0, , 
106,2021-02-25 09:00:00+01:00,163.0,163.0,163.0,163.0,163.0,132.0,162.5,162.0,166.25,161.5,174.0,0,1,1.0,1.0,0.0,0.0, , ,0.0,0.0, , 
107,2021-02-25 10:00:00+01:00,163.0,163.0,162.0,162.0,162.0,237.0,162.5,162.0,166.25,161.5,174.0,0,1,,,0.0,0.0, , ,0.0,0.0, ,Buy
108,2021-02-25 11:00:00+01:00,165.0,165.0,165.0,165.0,165.0,100.0,163.5,162.0,166.25,161.5,173.0,0,1,,,0.0,0.0, , ,0.0,0.0, , 
109,2021-03-01 09:00:00+01:00,165.0,165.0,164.0,164.0,164.0,0.0,163.5,162.0,166.25,161.5,173.0,0,1,,,0.0,0.0, , ,0.0,0.0, , 
110,2021-03-02 15:00:00+01:00,163.0,163.0,162.0,162.0,162.0,206.0,163.5,162.0,166.25,161.5,172.0,0,1,,-1.0,0.0,0.0, , ,0.0,0.0, , 
111,2021-03-03 12:00:00+01:00,164.0,164.0,164.0,164.0,164.0,0.0,163.5,162.0,164.75,161.5,174.0,0,1,,1.0,0.0,0.0, , ,0.0,0.0, , 
112,2021-03-04 09:00:00+01:00,165.0,165.0,165.0,165.0,165.0,0.0,163.5,162.0,164.75,161.5,175.0,1,1,,,0.0,0.0, , ,0.0,0.0, , 
113,2021-03-05 09:00:00+01:00,169.0,171.0,169.0,171.0,171.0,504.0,166.5,165.0,164.75,163.0,174.0,1,1,,,0.0,0.0, , ,0.0,0.0, , 
114,2021-03-05 10:00:00+01:00,174.0,174.0,174.0,174.0,174.0,30.0,168.0,166.5,163.75,163.0,175.0,1,1,,,0.0,0.0, , ,0.0,0.0, , 
115,2021-03-05 11:00:00+01:00,174.0,174.0,174.0,174.0,174.0,0.0,168.0,166.5,163.25,163.0,175.0,1,1,,,0.0,0.0, , ,0.0,0.0, , 
116,2021-03-05 15:00:00+01:00,174.0,174.0,170.0,174.0,174.0,1798.0,168.0,166.5,163.25,163.0,175.0,1,1,,,0.0,0.0, , ,0.0,0.0, , 
117,2021-03-08 09:00:00+01:00,170.0,170.0,170.0,170.0,170.0,0.0,168.0,167.0,162.75,163.0,175.0,1,-1,,,0.0,0.0, , ,0.0,0.0, , 
118,2021-03-08 10:00:00+01:00,170.0,170.0,170.0,170.0,170.0,310.0,168.0,167.0,162.5,163.0,175.0,1,-1,,,0.0,0.0, , ,0.0,0.0, , 
119,2021-03-08 13:00:00+01:00,172.0,172.0,172.0,172.0,172.0,50.0,169.0,167.0,162.0,163.0,173.0,1,-1,,,0.0,0.0, , ,0.0,0.0, , 
120,2021-03-08 15:00:00+01:00,172.0,172.0,172.0,172.0,172.0,300.0,169.5,167.0,162.0,163.0,175.0,1,-1,,,0.0,0.0, , ,0.0,0.0, , 
121,2021-03-09 09:00:00+01:00,172.0,172.0,172.0,172.0,172.0,0.0,171.5,167.5,162.0,163.0,175.0,1,-1,,,0.0,0.0, , ,0.0,0.0, , 
122,2021-03-09 10:00:00+01:00,170.0,170.0,170.0,170.0,170.0,100.0,172.0,167.5,161.75,163.0,175.0,1,-1,,-1.0,0.0,0.0, , ,0.0,0.0, , 
123,2021-03-10 09:00:00+01:00,172.0,172.0,172.0,172.0,172.0,0.0,172.0,168.0,161.75,163.0,175.0,1,-1,,,0.0,0.0, , ,0.0,0.0, , 
124,2021-03-10 11:00:00+01:00,173.0,173.0,173.0,173.0,173.0,100.0,172.0,168.0,162.0,163.0,175.0,1,-1,,1.0,0.0,0.0, , ,0.0,0.0, , 
125,2021-03-10 15:00:00+01:00,173.0,173.0,173.0,173.0,173.0,901.0,171.5,168.0,162.0,163.0,175.0,1,-1,,,0.0,0.0, , ,0.0,0.0, , 
126,2021-03-11 09:00:00+01:00,174.0,174.0,174.0,174.0,174.0,0.0,172.0,168.0,162.25,163.0,,1,-1,,,0.0,0.0, , ,0.0,0.0, , 
127,2021-03-11 12:00:00+01:00,174.0,174.0,174.0,174.0,174.0,70.0,172.0,168.0,162.25,163.0,168.0,1,-1,,,0.0,0.0, , ,0.0,0.0, , 
128,2021-03-11 13:00:00+01:00,174.0,174.0,174.0,174.0,174.0,27.0,172.0,168.0,161.75,163.0,166.0,1,-1,,,0.0,0.0, , ,0.0,0.0, , 
129,2021-03-12 13:00:00+01:00,172.0,172.0,172.0,172.0,172.0,0.0,172.0,168.0,161.75,163.0,166.0,1,-1,,,0.0,0.0, , ,0.0,0.0, , 
130,2021-03-12 14:00:00+01:00,173.0,173.0,173.0,173.0,173.0,40.0,172.0,168.0,162.0,163.0,167.0,1,-1,,1.0,0.0,0.0, , ,0.0,0.0, , 
131,2021-03-15 10:00:00+01:00,173.0,173.0,173.0,173.0,173.0,100.0,173.0,168.0,162.0,163.0,164.0,1,-1,,,0.0,0.0, , ,0.0,0.0, , 
132,2021-03-16 13:00:00+01:00,174.0,174.0,174.0,174.0,174.0,0.0,173.0,168.0,162.25,163.0,163.0,1,-1,,1.0,0.0,0.0, , ,0.0,0.0, , 
133,2021-03-16 15:00:00+01:00,174.0,174.0,174.0,174.0,174.0,50.0,173.0,168.0,162.25,163.0,162.0,1,-1,,,0.0,0.0, , ,0.0,0.0, , 
134,2021-03-17 09:00:00+01:00,173.0,173.0,173.0,173.0,173.0,0.0,173.0,168.0,162.75,163.0,160.0,1,-1,,,0.0,0.0, , ,0.0,0.0, , 
135,2021-03-18 13:00:00+01:00,173.0,173.0,173.0,173.0,173.0,50.0,173.0,168.0,162.75,163.0,159.0,1,-1,,,0.0,0.0, , ,0.0,0.0, , 
136,2021-03-19 09:00:00+01:00,172.0,172.0,172.0,172.0,172.0,0.0,173.0,169.0,162.75,163.0,160.0,1,-1,,-1.0,0.0,0.0, , ,0.0,0.0, , 
137,2021-03-19 13:00:00+01:00,174.0,174.0,174.0,174.0,174.0,1272.0,173.0,169.5,162.75,164.5,160.0,1,-1,,1.0,0.0,0.0, , ,0.0,0.0, , 
138,2021-03-19 14:00:00+01:00,175.0,175.0,175.0,175.0,175.0,18.0,173.5,172.0,162.75,164.5,160.0,1,-1,,,0.0,0.0, , ,0.0,0.0, , 
139,2021-03-22 09:00:00+01:00,174.0,175.0,174.0,174.0,174.0,0.0,173.5,172.5,165.75,164.5,159.0,1,1,,,0.0,0.0, , ,0.0,0.0, , 
140,2021-03-22 12:00:00+01:00,175.0,175.0,175.0,175.0,175.0,500.0,173.5,172.5,167.25,164.5,160.0,1,1,,,0.0,0.0, , ,0.0,0.0, , 
141,2021-03-22 13:00:00+01:00,175.0,175.0,175.0,175.0,175.0,60.0,173.5,172.5,167.25,165.0,162.0,1,1,,,0.0,0.0, , ,0.0,0.0, , 
142,2021-03-22 16:00:00+01:00,175.0,175.0,175.0,175.0,175.0,60.0,173.5,172.5,167.25,165.0,162.0,1,1,,,0.0,0.0, , ,0.0,0.0, , 
143,2021-03-23 09:00:00+01:00,175.0,175.0,175.0,175.0,175.0,0.0,173.5,172.5,167.5,164.5,162.0,1,1,,,0.0,0.0, , ,0.0,0.0, , 
144,2021-03-23 13:00:00+01:00,175.0,175.0,175.0,175.0,175.0,1.0,173.5,172.5,167.5,164.5,166.0,1,1,,,0.0,0.0, , ,0.0,0.0, , 
145,2021-03-23 15:00:00+01:00,173.0,173.0,173.0,173.0,173.0,20.0,174.0,172.5,168.0,164.5,162.0,1,1,,-1.0,0.0,0.0, , ,0.0,0.0, , 
146,2021-03-24 09:00:00+01:00,175.0,175.0,175.0,175.0,175.0,0.0,174.0,172.5,168.25,164.5,166.0,1,1,,1.0,0.0,0.0, , ,0.0,0.0, , 
147,2021-03-24 12:00:00+01:00,175.0,175.0,175.0,175.0,175.0,500.0,174.0,172.5,169.5,164.5,169.0,1,1,,,1.0,1.0,Buy, ,0.0,0.0, , 
148,2021-03-24 13:00:00+01:00,175.0,175.0,175.0,175.0,175.0,6.0,174.0,173.5,169.75,164.5,169.0,1,1,,,1.0,0.0, , ,0.0,0.0, , 
149,2021-03-24 14:00:00+01:00,175.0,175.0,175.0,175.0,175.0,8.0,174.0,173.5,170.0,164.5,169.0,1,1,,,1.0,0.0, , ,0.0,0.0, , 
150,2021-03-24 15:00:00+01:00,175.0,175.0,175.0,175.0,175.0,50.0,174.0,173.5,170.0,164.5,168.0,1,1,,,1.0,0.0, , ,0.0,0.0, , 
151,2021-03-25 09:00:00+01:00,175.0,175.0,175.0,175.0,175.0,0.0,174.0,173.5,169.75,164.5,169.0,1,1,,,1.0,0.0, , ,0.0,0.0, , 
152,2021-03-26 09:00:00+01:00,,,,,,,,,170.0,164.5,171.0,0,1,,,1.0,0.0, , ,0.0,0.0, , 
153,2021-03-26 14:00:00+01:00,168.0,168.0,168.0,168.0,168.0,0.0,,,170.0,164.5,169.0,0,1,,,1.0,0.0, , ,0.0,0.0, , 
154,2021-03-26 16:00:00+01:00,166.0,166.0,166.0,166.0,166.0,350.0,,,170.0,164.5,167.0,0,1,,,1.0,0.0, , ,0.0,0.0, , 
155,2021-03-29 09:00:00+02:00,166.0,166.0,166.0,166.0,166.0,0.0,,,170.0,164.5,168.0,0,1,,,1.0,0.0, , ,0.0,0.0, , 
156,2021-03-29 12:00:00+02:00,167.0,167.0,167.0,167.0,167.0,150.0,,,170.0,164.5,168.0,0,1,,,1.0,0.0, , ,0.0,0.0, , 
157,2021-03-30 09:00:00+02:00,167.0,167.0,164.0,164.0,164.0,241.0,,,170.5,164.5,169.0,0,1,,,1.0,0.0, , ,0.0,0.0, , 
158,2021-03-30 14:00:00+02:00,163.0,163.0,163.0,163.0,163.0,240.0,,,170.5,164.5,168.0,-1,1,,,1.0,0.0, , ,0.0,0.0, , 
159,2021-03-30 16:00:00+02:00,162.0,162.0,162.0,162.0,162.0,50.0,,,170.5,164.5,170.0,-1,1,,,1.0,0.0, , ,0.0,0.0, , 
160,2021-03-31 09:00:00+02:00,160.0,160.0,160.0,160.0,160.0,0.0,,,170.5,164.5,170.0,-1,1,,,1.0,0.0, , ,0.0,0.0, , 
161,2021-03-31 10:00:00+02:00,158.0,159.0,158.0,159.0,159.0,787.0,163.0,,170.5,164.5,170.0,-1,1,,,1.0,0.0, , ,0.0,0.0, , 
162,2021-04-06 10:00:00+02:00,160.0,160.0,160.0,160.0,160.0,0.0,162.5,,171.0,164.5,170.0,-1,1,,,1.0,0.0, , ,0.0,0.0, , 
163,2021-04-06 12:00:00+02:00,160.0,160.0,160.0,160.0,160.0,135.0,162.5,,171.25,164.5,170.0,-1,1,,,1.0,0.0, , ,0.0,0.0, , 
164,2021-04-06 13:00:00+02:00,160.0,160.0,160.0,160.0,160.0,200.0,162.5,,172.75,164.5,170.0,-1,1,,,1.0,0.0, , ,0.0,0.0, , 
165,2021-04-07 09:00:00+02:00,159.0,159.0,159.0,159.0,159.0,0.0,162.5,,173.0,165.0,170.0,-1,1,,,1.0,0.0, , ,0.0,0.0, , 
166,2021-04-07 13:00:00+02:00,160.0,160.0,160.0,160.0,160.0,170.0,160.5,,173.0,166.5,169.0,-1,1,,,1.0,0.0, , ,0.0,0.0, , 
167,2021-04-07 14:00:00+02:00,162.0,162.0,162.0,162.0,162.0,353.0,160.0,,173.0,166.5,170.0,-1,1,,1.0,1.0,0.0, , ,0.0,0.0, , 
168,2021-04-08 09:00:00+02:00,162.0,162.0,161.0,162.0,162.0,0.0,160.0,,173.0,166.5,168.0,-1,1,,,1.0,0.0, , ,0.0,0.0, , 
169,2021-04-08 11:00:00+02:00,162.0,162.0,162.0,162.0,162.0,3.0,160.0,,173.0,166.5,169.0,-1,1,,,1.0,0.0, , ,0.0,0.0, , 
170,2021-04-09 09:00:00+02:00,166.0,166.0,166.0,166.0,166.0,0.0,162.5,,173.0,166.5,169.0,-1,1,,,1.0,0.0, , ,0.0,0.0, , 
171,2021-04-09 10:00:00+02:00,162.0,162.0,162.0,162.0,162.0,1.0,162.5,,173.25,166.5,169.0,-1,1,,-1.0,1.0,0.0, , ,0.0,0.0, , 
172,2021-04-09 12:00:00+02:00,166.0,166.0,166.0,166.0,166.0,4.0,162.5,,173.25,166.5,170.0,-1,1,,1.0,1.0,0.0, , ,0.0,0.0, , 
173,2021-04-12 09:00:00+02:00,169.0,170.0,169.0,169.0,169.0,425.0,164.5,,173.25,166.5,169.0,0,1,,,1.0,0.0, , ,0.0,0.0, , 
174,2021-04-12 11:00:00+02:00,169.0,169.0,169.0,169.0,169.0,248.0,165.0,,173.75,166.5,169.0,0,1,,,1.0,0.0, , ,0.0,0.0, , 
175,2021-04-12 15:00:00+02:00,169.0,169.0,169.0,169.0,169.0,400.0,165.5,,173.75,166.5,169.0,0,1,,,1.0,0.0, , ,0.0,0.0, , 
176,2021-04-13 09:00:00+02:00,168.0,168.0,168.0,168.0,168.0,0.0,165.5,,173.75,166.5,168.0,0,1,,,1.0,0.0, , ,0.0,0.0, , 
177,2021-04-13 10:00:00+02:00,169.0,169.0,169.0,169.0,169.0,56.0,166.0,,173.75,166.5,168.0,0,1,,,1.0,0.0, , ,0.0,0.0, , 
178,2021-04-14 09:00:00+02:00,169.0,171.0,169.0,171.0,171.0,0.0,166.5,164.5,,166.5,166.0,0,-1,,,1.0,0.0, , ,0.0,0.0, , 
179,2021-04-14 10:00:00+02:00,169.0,169.0,169.0,169.0,169.0,60.0,166.5,164.5,,166.5,166.0,0,-1,,,1.0,0.0, , ,0.0,0.0, , 
180,2021-04-14 12:00:00+02:00,167.0,167.0,167.0,167.0,167.0,350.0,168.5,164.5,,166.5,165.0,0,-1,,-1.0,1.0,0.0, , ,0.0,0.0, , 
181,2021-04-14 14:00:00+02:00,168.0,168.0,168.0,168.0,168.0,197.0,169.0,164.5,,166.5,166.0,0,-1,,,1.0,0.0, , ,0.0,0.0, , 
182,2021-04-15 09:00:00+02:00,168.0,168.0,168.0,168.0,168.0,0.0,169.0,164.5,,166.5,166.0,0,-1,,,1.0,0.0, , ,0.0,0.0, , 
183,2021-04-16 09:00:00+02:00,169.0,169.0,169.0,169.0,169.0,0.0,169.0,164.5,,166.5,168.0,0,-1,,,1.0,0.0, , ,0.0,0.0, , 
184,2021-04-16 14:00:00+02:00,168.0,168.0,168.0,168.0,168.0,2.0,169.0,164.5,,166.5,168.0,0,-1,,-1.0,1.0,0.0, , ,0.0,0.0, , 
185,2021-04-16 15:00:00+02:00,169.0,170.0,169.0,170.0,170.0,816.0,169.0,164.5,,166.5,164.0,0,-1,,,1.0,0.0, , ,0.0,0.0, , 
186,2021-04-19 09:00:00+02:00,170.0,170.0,170.0,170.0,170.0,0.0,169.0,164.5,,166.5,167.0,0,-1,,1.0,1.0,0.0, , ,0.0,0.0, , 
187,2021-04-19 13:00:00+02:00,170.0,170.0,170.0,170.0,170.0,1.0,168.5,165.0,,166.5,167.0,0,-1,,,1.0,0.0, , ,0.0,0.0, , 
188,2021-04-20 09:00:00+02:00,170.0,170.0,170.0,170.0,170.0,0.0,168.5,165.0,,166.5,165.0,0,-1,,,1.0,0.0, , ,0.0,0.0, , 
189,2021-04-20 10:00:00+02:00,170.0,170.0,170.0,170.0,170.0,5.0,169.0,165.0,,166.5,165.0,0,-1,,,1.0,0.0, , ,0.0,0.0, , 
190,2021-04-21 09:00:00+02:00,170.0,170.0,170.0,170.0,170.0,50.0,169.0,165.0,,167.0,165.0,0,-1,,,1.0,0.0, , ,0.0,0.0, , 
191,2021-04-22 13:00:00+02:00,170.0,170.0,170.0,170.0,170.0,11244.0,169.0,165.5,,167.0,166.0,0,-1,,,1.0,0.0, , ,0.0,0.0, , 
192,2021-04-22 15:00:00+02:00,169.0,169.0,169.0,169.0,169.0,11217.0,169.0,166.0,,167.0,166.0,0,-1,,,1.0,0.0, , ,0.0,0.0, , 
193,2021-04-26 09:00:00+02:00,170.0,170.0,170.0,170.0,170.0,0.0,169.5,166.0,,167.0,166.0,0,-1,,1.0,1.0,0.0, , ,0.0,0.0, , 
194,2021-04-26 11:00:00+02:00,169.0,169.0,168.0,168.0,168.0,500.0,169.0,166.5,,167.0,166.0,0,-1,,,1.0,0.0, , ,0.0,0.0, , 
195,2021-04-26 12:00:00+02:00,168.0,169.0,168.0,169.0,169.0,885.0,169.0,166.5,,167.5,166.0,0,-1,,-1.0,1.0,0.0, , ,0.0,0.0, , 
196,2021-04-26 15:00:00+02:00,169.0,169.0,169.0,169.0,169.0,6281.0,169.0,166.5,,167.5,166.0,0,-1,,,1.0,0.0, , ,0.0,0.0, , 
197,2021-04-27 13:00:00+02:00,169.0,169.0,169.0,169.0,169.0,0.0,169.0,168.5,,167.5,166.0,0,-1,,,1.0,0.0, , ,0.0,0.0, , 
198,2021-04-29 15:00:00+02:00,169.0,170.0,169.0,170.0,170.0,94.0,169.0,169.0,,167.5,166.0,0,-1,,,1.0,0.0, , ,0.0,0.0, , 
199,2021-04-30 12:00:00+02:00,169.0,169.0,169.0,169.0,169.0,0.0,169.0,169.0,,168.0,166.0,0,-1,,,1.0,0.0, , ,0.0,0.0, , 
200,2021-04-30 16:00:00+02:00,169.0,169.0,169.0,169.0,169.0,752.0,169.0,169.0,,168.0,167.0,0,-1,,,1.0,0.0, , ,0.0,0.0, , 
201,2021-05-04 14:00:00+02:00,169.0,169.0,169.0,169.0,169.0,0.0,169.0,169.0,,168.5,167.0,0,-1,,,1.0,0.0, , ,0.0,0.0, , 
202,2021-05-04 15:00:00+02:00,168.0,168.0,168.0,168.0,168.0,175.0,169.0,169.0,,168.5,165.0,0,-1,,-1.0,1.0,0.0, , ,0.0,0.0, , 
203,2021-05-05 09:00:00+02:00,168.0,168.0,168.0,168.0,168.0,0.0,169.0,169.0,,168.5,165.0,0,-1,,,1.0,0.0, , ,0.0,0.0, , 
204,2021-05-05 11:00:00+02:00,167.0,167.0,166.0,166.0,166.0,150.0,168.0,168.0,165.5,,166.0,0,-1,,,1.0,0.0, , ,0.0,0.0, , 
205,2021-05-05 13:00:00+02:00,166.0,166.0,166.0,166.0,166.0,300.0,168.0,168.0,165.5,,166.0,0,-1,,,1.0,0.0, , ,0.0,0.0, , 
206,2021-05-05 14:00:00+02:00,166.0,166.0,165.0,165.0,165.0,641.0,167.5,167.5,166.5,,165.0,0,-1,,,1.0,0.0, , ,0.0,0.0, , 
207,2021-05-05 15:00:00+02:00,166.0,166.0,166.0,166.0,166.0,0.0,167.0,167.5,166.75,,165.0,0,-1,-1.0,,1.0,0.0, , ,0.0,0.0, , 
208,2021-05-07 09:00:00+02:00,166.0,166.0,166.0,166.0,166.0,31.0,167.0,167.5,166.75,,166.0,0,-1,,,0.0,-1.0, ,Sell,0.0,0.0, , 
209,2021-05-07 13:00:00+02:00,166.0,168.0,166.0,168.0,168.0,50.0,167.0,167.5,166.75,,165.0,0,-1,,,0.0,0.0, , ,0.0,0.0, , 
210,2021-05-11 10:00:00+02:00,164.0,168.0,164.0,168.0,168.0,17.0,166.0,167.0,166.75,,166.0,0,-1,,,0.0,0.0, , ,0.0,0.0, , 
211,2021-05-12 09:00:00+02:00,164.0,164.0,164.0,164.0,164.0,53.0,166.0,167.0,166.75,,167.0,0,-1,,,0.0,0.0, , ,0.0,0.0, , 
212,2021-05-14 10:00:00+02:00,167.0,167.0,167.0,167.0,167.0,0.0,166.0,167.0,166.75,,167.0,0,-1,,1.0,0.0,0.0, , ,0.0,0.0, , 
213,2021-05-14 13:00:00+02:00,167.0,167.0,167.0,167.0,167.0,5.0,166.0,167.0,166.75,,166.0,0,-1,,,0.0,0.0, , ,0.0,0.0, , 
214,2021-05-14 14:00:00+02:00,165.0,165.0,165.0,165.0,165.0,30.0,166.0,167.0,166.75,,166.0,0,-1,,-1.0,0.0,0.0, , ,0.0,0.0, , 
215,2021-05-18 09:00:00+02:00,165.0,165.0,165.0,165.0,165.0,0.0,166.0,167.0,167.0,,163.0,0,-1,,,0.0,0.0, , ,0.0,0.0, , 
216,2021-05-18 13:00:00+02:00,166.0,166.0,165.0,165.0,165.0,600.0,166.0,167.0,167.0,,166.0,0,-1,,,0.0,0.0, , ,0.0,0.0, , 
217,2021-05-19 15:00:00+02:00,166.0,166.0,166.0,166.0,166.0,0.0,166.0,167.0,167.25,,166.0,0,-1,,,0.0,0.0, , ,0.0,0.0, , 
218,2021-05-21 09:00:00+02:00,166.0,166.0,166.0,166.0,166.0,0.0,166.0,167.0,167.5,,168.0,0,-1,,,0.0,0.0, , ,0.0,0.0, , 
219,2021-05-21 12:00:00+02:00,166.0,166.0,166.0,166.0,166.0,200.0,165.5,167.0,167.75,,170.0,0,-1,,1.0,0.0,0.0, , ,0.0,0.0, , 
220,2021-05-21 15:00:00+02:00,166.0,166.0,166.0,166.0,166.0,6.0,166.0,167.0,167.75,,166.0,0,-1,,,0.0,0.0, , ,0.0,0.0, , 
221,2021-05-25 09:00:00+02:00,166.0,166.0,166.0,166.0,166.0,0.0,166.0,167.0,167.75,,166.0,0,-1,,,0.0,0.0, , ,0.0,0.0, , 
222,2021-05-26 15:00:00+02:00,166.0,166.0,166.0,166.0,166.0,2.0,165.5,167.0,167.75,,166.0,0,-1,,1.0,0.0,0.0, , ,0.0,0.0, , 
223,2021-05-27 11:00:00+02:00,165.0,166.0,165.0,166.0,166.0,3056.0,165.5,167.0,168.75,,166.0,0,-1,,-1.0,0.0,0.0, , ,0.0,0.0, , 
224,2021-05-28 10:00:00+02:00,166.0,166.0,166.0,166.0,166.0,0.0,165.5,166.5,169.0,,170.0,0,-1,,1.0,0.0,0.0, , ,0.0,0.0, , 
225,2021-05-28 11:00:00+02:00,166.0,166.0,166.0,166.0,166.0,500.0,165.5,166.5,169.0,,168.0,0,-1,,,0.0,0.0, , ,0.0,0.0, , 
226,2021-05-28 12:00:00+02:00,167.0,167.0,167.0,167.0,167.0,451.0,166.0,166.5,169.0,,175.0,0,-1,,,0.0,0.0, , ,0.0,0.0, , 
227,2021-05-31 09:00:00+02:00,167.0,167.0,167.0,167.0,167.0,0.0,166.0,166.0,169.0,,174.0,0,-1,,,0.0,0.0, , ,0.0,0.0, , 
228,2021-05-31 10:00:00+02:00,165.0,165.0,165.0,165.0,165.0,3.0,166.0,166.0,169.0,,174.0,0,-1,,-1.0,0.0,0.0, , ,0.0,0.0, , 
229,2021-05-31 11:00:00+02:00,165.0,165.0,165.0,165.0,165.0,15.0,166.0,166.0,169.0,,176.0,0,-1,,,0.0,0.0, , ,0.0,0.0, , 
230,2021-05-31 13:00:00+02:00,166.0,166.0,166.0,166.0,166.0,482.0,166.0,166.0,168.0,,175.0,0,-1,,,0.0,0.0, , ,0.0,0.0, , 
231,2021-05-31 14:00:00+02:00,166.0,166.0,166.0,166.0,166.0,18.0,166.0,166.0,168.0,,170.0,0,-1,,,0.0,0.0, , ,0.0,0.0, , 
232,2021-06-01 09:00:00+02:00,165.0,165.0,165.0,165.0,165.0,0.0,166.0,166.0,167.5,,175.0,0,-1,,-1.0,0.0,0.0, , ,0.0,0.0, , 
233,2021-06-01 14:00:00+02:00,165.0,165.0,165.0,165.0,165.0,25.0,166.0,166.0,167.25,,170.0,0,-1,,,0.0,0.0, , ,0.0,0.0, , 
234,2021-06-01 15:00:00+02:00,165.0,166.0,165.0,166.0,166.0,354.0,166.0,166.0,167.25,,170.0,0,-1,,,0.0,0.0, , ,0.0,0.0, , 
235,2021-06-02 09:00:00+02:00,165.0,165.0,165.0,165.0,165.0,0.0,166.0,166.0,167.25,,173.0,0,-1,,,0.0,0.0, , ,0.0,0.0, , 
236,2021-06-02 15:00:00+02:00,166.0,166.0,166.0,166.0,166.0,500.0,165.5,165.5,166.5,,174.0,0,-1,,1.0,0.0,0.0, , ,0.0,0.0, , 
237,2021-06-03 15:00:00+02:00,167.0,167.0,167.0,167.0,167.0,0.0,166.0,166.0,166.5,,170.0,0,-1,,,0.0,0.0, , ,0.0,0.0, , 
238,2021-06-04 09:00:00+02:00,167.0,167.0,167.0,167.0,167.0,0.0,166.0,166.0,166.5,,170.0,0,-1,,,0.0,0.0, , ,0.0,0.0, , 
239,2021-06-04 10:00:00+02:00,166.0,166.0,166.0,166.0,166.0,500.0,166.0,166.0,166.5,,169.0,0,-1,,,0.0,0.0, , ,0.0,0.0, , 
240,2021-06-07 15:00:00+02:00,166.0,166.0,166.0,166.0,166.0,400.0,166.0,166.0,166.5,,169.0,0,-1,,,0.0,0.0, , ,0.0,0.0, , 
241,2021-06-08 09:00:00+02:00,166.0,166.0,163.0,163.0,163.0,220.0,165.0,165.0,166.5,,166.0,0,-1,,1.0,0.0,0.0, , ,0.0,0.0, , 
242,2021-06-08 13:00:00+02:00,166.0,166.0,166.0,166.0,166.0,910.0,165.0,165.0,166.5,,170.0,0,-1,,,0.0,0.0, , ,0.0,0.0, , 
243,2021-06-09 09:00:00+02:00,166.0,166.0,166.0,166.0,166.0,0.0,165.0,165.0,166.5,,169.0,0,-1,,,0.0,0.0, , ,0.0,0.0, , 
244,2021-06-10 14:00:00+02:00,170.0,170.0,168.0,168.0,168.0,309.0,166.5,166.5,166.5,,170.0,0,-1,,,0.0,0.0, , ,0.0,0.0, , 
245,2021-06-11 09:00:00+02:00,170.0,170.0,170.0,170.0,170.0,0.0,166.5,166.5,166.25,,170.0,0,-1,,,0.0,0.0, , ,0.0,0.0, , 
246,2021-06-11 11:00:00+02:00,169.0,169.0,166.0,166.0,166.0,61.0,166.5,166.5,166.5,,170.0,0,-1,,,0.0,0.0, , ,0.0,0.0, , 
247,2021-06-11 13:00:00+02:00,166.0,166.0,166.0,166.0,166.0,64.0,166.5,166.5,166.5,,170.0,0,-1,,-1.0,0.0,0.0, , ,0.0,0.0, , 
248,2021-06-14 09:00:00+02:00,170.0,170.0,166.0,166.0,166.0,0.0,166.5,166.5,166.25,,170.0,0,-1,,1.0,0.0,0.0, , ,0.0,0.0, , 
249,2021-06-14 10:00:00+02:00,166.0,166.0,166.0,166.0,166.0,20.0,166.5,166.5,166.25,,169.0,0,-1,,-1.0,0.0,0.0, , ,0.0,0.0, , 
250,2021-06-15 14:00:00+02:00,170.0,170.0,170.0,170.0,170.0,22.0,168.0,166.5,166.0,,169.0,0,-1,1.0,1.0,0.0,0.0, , ,0.0,0.0, , 
251,2021-06-15 15:00:00+02:00,168.0,168.0,168.0,168.0,168.0,2.0,168.0,166.5,166.0,,170.0,0,-1,,,0.0,0.0, , ,0.0,0.0, ,Buy
252,2021-06-16 09:00:00+02:00,175.0,175.0,175.0,175.0,175.0,89.0,170.5,169.0,166.25,,171.0,0,-1,,1.0,0.0,0.0, , ,0.0,0.0, , 
253,2021-06-16 13:00:00+02:00,174.0,174.0,174.0,174.0,174.0,1.0,170.5,169.0,166.0,,171.0,0,-1,,,0.0,0.0, , ,0.0,0.0, , 
254,2021-06-16 15:00:00+02:00,174.0,174.0,174.0,174.0,174.0,6.0,170.5,169.0,166.0,,171.0,0,-1,,,0.0,0.0, , ,0.0,0.0, , 
255,2021-06-17 09:00:00+02:00,175.0,176.0,175.0,176.0,176.0,0.0,171.0,169.5,166.0,,171.0,0,-1,,,0.0,0.0, , ,0.0,0.0, , 
256,2021-06-17 10:00:00+02:00,176.0,176.0,175.0,175.0,175.0,1016.0,171.0,169.5,166.0,164.5,171.0,1,1,,,0.0,0.0, , ,0.0,0.0, , 
257,2021-06-17 12:00:00+02:00,170.0,170.0,170.0,170.0,170.0,15.0,171.0,169.5,166.0,164.5,170.0,1,1,,-1.0,0.0,0.0, , ,0.0,0.0, , 
258,2021-06-17 14:00:00+02:00,175.0,175.0,175.0,175.0,175.0,45.0,172.0,169.5,166.0,164.5,171.0,1,1,,1.0,0.0,0.0, , ,0.0,0.0, , 
259,2021-06-17 15:00:00+02:00,170.0,170.0,170.0,170.0,170.0,3.0,172.0,169.5,166.0,164.5,171.0,1,1,,-1.0,1.0,1.0,Buy, ,0.0,0.0, , 
260,2021-06-18 12:00:00+02:00,170.0,170.0,170.0,170.0,170.0,0.0,173.0,169.5,166.0,164.5,170.0,1,1,,,1.0,0.0, , ,0.0,0.0, , 
261,2021-06-22 13:00:00+02:00,173.0,173.0,173.0,173.0,173.0,0.0,173.0,169.5,166.0,164.5,169.0,1,1,,,1.0,0.0, , ,0.0,0.0, , 
262,2021-06-22 14:00:00+02:00,174.0,174.0,174.0,174.0,174.0,10.0,173.0,169.5,165.5,164.5,169.0,1,1,,1.0,1.0,0.0, , ,0.0,0.0, , 
263,2021-06-24 14:00:00+02:00,170.0,170.0,170.0,170.0,170.0,0.0,173.0,169.5,166.0,164.5,169.0,1,1,,-1.0,1.0,0.0, , ,0.0,0.0, , 
264,2021-06-25 09:00:00+02:00,170.0,170.0,170.0,170.0,170.0,0.0,173.0,169.5,166.0,164.5,169.0,1,1,,,1.0,0.0, , ,0.0,0.0, , 
265,2021-06-25 11:00:00+02:00,170.0,170.0,169.0,169.0,169.0,85.0,172.0,169.5,166.0,165.0,168.0,1,1,,,1.0,0.0, , ,0.0,0.0, , 
266,2021-06-28 09:00:00+02:00,169.0,169.0,169.0,169.0,169.0,0.0,172.0,169.5,166.0,165.0,168.0,1,1,,,1.0,0.0, , ,0.0,0.0, , 
267,2021-06-29 09:00:00+02:00,166.0,166.0,166.0,166.0,166.0,0.0,170.0,171.0,165.0,165.0,168.0,1,-1,-1.0,,1.0,0.0, , ,0.0,0.0, , 
268,2021-06-29 11:00:00+02:00,170.0,170.0,170.0,170.0,170.0,166.0,170.0,171.0,165.0,165.0,167.0,1,-1,,,0.0,-1.0, ,Sell,0.0,0.0, , 
269,2021-06-30 14:00:00+02:00,169.0,169.0,169.0,169.0,169.0,8.0,170.0,171.0,165.0,165.5,167.0,1,-1,,-1.0,0.0,0.0, , ,0.0,0.0, , 
270,2021-07-01 15:00:00+02:00,170.0,170.0,170.0,170.0,170.0,28.0,170.0,171.0,166.5,166.0,167.0,1,1,,,0.0,0.0, , ,0.0,0.0, , 
271,2021-07-07 16:00:00+02:00,170.0,170.0,170.0,170.0,170.0,0.0,168.0,171.0,166.5,166.0,169.0,1,1,,1.0,0.0,0.0, , ,0.0,0.0, , 
272,2021-07-08 10:00:00+02:00,170.0,170.0,170.0,170.0,170.0,200.0,168.0,171.0,166.5,166.5,169.0,1,-1,,,1.0,1.0,Buy, ,0.0,0.0, , 
273,2021-07-08 11:00:00+02:00,170.0,170.0,170.0,170.0,170.0,50.0,168.0,171.0,166.5,166.5,169.0,1,-1,,,1.0,0.0, , ,0.0,0.0, , 
274,2021-07-08 16:00:00+02:00,170.0,170.0,170.0,170.0,170.0,40.0,168.0,171.0,166.5,166.5,170.0,1,-1,,,1.0,0.0, , ,0.0,0.0, , 
275,2021-07-09 09:00:00+02:00,169.0,169.0,169.0,169.0,169.0,0.0,168.0,171.0,166.5,167.5,170.0,1,-1,,,1.0,0.0, , ,0.0,0.0, , 
276,2021-07-09 12:00:00+02:00,169.0,169.0,169.0,169.0,169.0,30.0,169.5,171.0,167.25,167.5,171.0,1,-1,,-1.0,1.0,0.0, , ,0.0,0.0, , 
277,2021-07-09 13:00:00+02:00,170.0,170.0,170.0,170.0,170.0,347.0,169.5,171.0,167.25,167.5,171.0,1,-1,,1.0,1.0,0.0, , ,0.0,0.0, , 
278,2021-07-12 11:00:00+02:00,171.0,171.0,171.0,171.0,171.0,0.0,170.0,171.0,169.75,167.5,,1,1,,,1.0,0.0, , ,0.0,0.0, , 
279,2021-07-12 14:00:00+02:00,171.0,171.0,171.0,171.0,171.0,30.0,170.0,171.0,169.75,167.5,,1,1,,,1.0,0.0, , ,0.0,0.0, , 
280,2021-07-13 10:00:00+02:00,171.0,171.0,171.0,171.0,171.0,0.0,170.0,171.0,169.75,167.5,,1,1,,,1.0,0.0, , ,0.0,0.0, , 
281,2021-07-13 15:00:00+02:00,171.0,171.0,171.0,171.0,171.0,86.0,170.0,171.0,170.25,167.5,,1,1,,,1.0,0.0, , ,0.0,0.0, , 
282,2021-07-14 15:00:00+02:00,171.0,171.0,171.0,171.0,171.0,34.0,170.0,170.5,170.25,167.0,,1,1,,,1.0,0.0, , ,0.0,0.0, , 
283,2021-07-16 09:00:00+02:00,170.0,170.0,170.0,170.0,170.0,916.0,170.0,170.5,170.25,167.0,,0,1,,,1.0,0.0, , ,0.0,0.0, , 
284,2021-07-16 15:00:00+02:00,171.0,171.0,171.0,171.0,171.0,100.0,170.0,170.0,170.75,167.0,,1,1,,1.0,1.0,0.0, , ,0.0,0.0, , 
285,2021-07-19 09:00:00+02:00,171.0,171.0,171.0,171.0,171.0,0.0,170.5,170.0,170.75,167.0,,1,1,1.0,,1.0,0.0, , ,0.0,0.0, , 
286,2021-07-19 15:00:00+02:00,170.0,170.0,170.0,170.0,170.0,36.0,170.5,170.0,171.25,167.0,,0,1,,-1.0,1.0,0.0, , ,0.0,0.0, ,Buy
287,2021-07-21 09:00:00+02:00,169.0,169.0,169.0,169.0,169.0,0.0,170.0,170.0,171.25,167.0,,0,1,,,1.0,0.0, , ,0.0,0.0, , 
288,2021-07-21 10:00:00+02:00,169.0,169.0,169.0,169.0,169.0,27.0,170.0,168.5,171.25,167.0,,0,1,1.0,,1.0,0.0, , ,0.0,0.0, , 
289,2021-07-22 10:00:00+02:00,168.0,169.0,168.0,169.0,169.0,300.0,169.5,168.5,171.25,167.0,,0,1,,,1.0,0.0, , ,0.0,0.0, ,Buy
290,2021-07-23 09:00:00+02:00,169.0,169.0,169.0,169.0,169.0,0.0,169.5,168.5,171.25,167.0,,0,1,,,1.0,0.0, , ,0.0,0.0, , 
291,2021-07-23 14:00:00+02:00,169.0,169.0,168.0,168.0,168.0,180.0,169.5,168.5,170.75,167.0,,0,1,,,1.0,0.0, , ,0.0,0.0, , 
292,2021-07-26 09:00:00+02:00,168.0,168.0,168.0,168.0,168.0,0.0,169.5,168.5,170.75,167.0,,0,1,,,1.0,0.0, , ,0.0,0.0, , 
293,2021-07-27 09:00:00+02:00,168.0,168.0,168.0,168.0,168.0,152.0,169.5,169.5,170.5,166.5,,0,1,,,1.0,0.0, , ,0.0,0.0, , 
294,2021-07-27 15:00:00+02:00,167.0,167.0,167.0,167.0,167.0,5.0,168.5,169.0,170.5,166.5,,0,1,-1.0,,1.0,0.0, , ,0.0,0.0, , 
295,2021-07-28 12:00:00+02:00,167.0,167.0,167.0,167.0,167.0,0.0,168.0,169.0,170.5,166.5,,0,1,,,0.0,-1.0, ,Sell,0.0,0.0, , 
296,2021-07-28 14:00:00+02:00,167.0,167.0,167.0,167.0,167.0,30.0,168.0,169.0,170.5,166.5,,0,1,,,0.0,0.0, , ,0.0,0.0, , 
297,2021-07-29 09:00:00+02:00,169.0,169.0,169.0,169.0,169.0,0.0,168.0,169.0,169.5,166.5,,0,1,,1.0,0.0,0.0, , ,0.0,0.0, , 
298,2021-07-29 11:00:00+02:00,169.0,169.0,169.0,169.0,169.0,363.0,168.0,169.0,169.5,166.5,,0,1,,,0.0,0.0, , ,0.0,0.0, , 
299,2021-07-29 14:00:00+02:00,169.0,169.0,169.0,169.0,169.0,30.0,168.0,169.0,169.5,166.5,,0,1,,,0.0,0.0, , ,0.0,0.0, , 
300,2021-07-30 10:00:00+02:00,170.0,170.0,170.0,170.0,170.0,143.0,168.5,169.0,169.5,166.5,,1,1,,,0.0,0.0, , ,0.0,0.0, , 
301,2021-07-30 12:00:00+02:00,170.0,170.0,170.0,170.0,170.0,517.0,168.5,169.0,169.5,166.5,,1,1,,,0.0,0.0, , ,0.0,0.0, , 
302,2021-08-02 11:00:00+02:00,171.0,171.0,171.0,171.0,171.0,0.0,169.0,169.0,170.25,166.5,,1,1,,,0.0,0.0, , ,0.0,0.0, , 
303,2021-08-02 12:00:00+02:00,171.0,171.0,171.0,171.0,171.0,100.0,169.0,169.0,170.25,166.5,,1,1,,,0.0,0.0, , ,0.0,0.0, , 
