,Unnamed: 0,Open,High,Low,Close,Adj Close,Volume,tenkan_sen,kijun_sen,senkou_span_a,senkou_span_b,chikou_span,above_cloud,tenkan_kiju_cross,buy,Long_Position,Long_Buy,Long_Sell,sell,Short_Position,Short_Sell,Short_buy,RSI2
0,2021-04-29 15:00:00+02:00,197.72390747070312,197.72390747070312,197.32806396484372,197.32806396484372,197.32806396484372,0.0,,,,,200.89065551757807,0,,,, , ,,, , ,
1,2021-04-29 16:00:00+02:00,196.9322204589844,197.52598571777344,196.536376953125,197.52598571777344,197.52598571777344,674.0,,,,,201.88026428222656,0,,,, , ,,, , ,
2,2021-04-30 09:00:00+02:00,198.91143798828125,199.40625,196.9322204589844,197.9218292236328,197.9218292236328,7188.0,,,,,201.38546752929688,0,,,, , ,,, , ,
3,2021-04-30 10:00:00+02:00,197.32806396484372,199.40625,197.1301422119141,197.9218292236328,197.9218292236328,26419.0,,,,,201.38546752929688,0,,,, , ,,, , ,
4,2021-04-30 11:00:00+02:00,197.1301422119141,199.40625,197.1301422119141,198.4166412353516,198.4166412353516,17188.0,,,,,201.38546752929688,0,,,, , ,,, , ,
5,2021-04-30 12:00:00+02:00,198.4166412353516,198.91143798828125,196.9322204589844,196.9322204589844,196.9322204589844,8252.0,,,,,201.38546752929688,0,,,, , ,,, , ,
6,2021-04-30 13:00:00+02:00,197.32806396484372,197.32806396484372,195.74468994140625,196.3384552001953,196.3384552001953,4009.0,,,,,201.38546752929688,0,,,, , ,,, , ,
7,2021-04-30 14:00:00+02:00,196.9322204589844,196.9322204589844,196.1405334472656,196.3384552001953,196.3384552001953,1161.0,,,,,201.38546752929688,0,,,, , ,,, , ,
8,2021-04-30 15:00:00+02:00,196.9322204589844,196.9322204589844,195.74468994140625,195.74468994140625,195.74468994140625,3767.0,197.57546997070312,,,,204.3542938232422,0,,,, , ,,, , ,
9,2021-04-30 16:00:00+02:00,195.74468994140625,196.536376953125,195.54676818847656,195.94261169433597,195.94261169433597,3661.0,197.47650909423828,,,,205.34390258789065,0,,,, , ,,, , ,
10,2021-05-03 09:00:00+02:00,196.3384552001953,196.3384552001953,194.7550811767578,195.1509246826172,195.1509246826172,687.0,197.0806655883789,,,,203.85948181152344,0,,,, , ,,, , ,
11,2021-05-03 10:00:00+02:00,195.54676818847656,195.54676818847656,193.96339416503903,194.9530029296875,194.9530029296875,1277.0,196.68482208251953,,,,204.3542938232422,0,,,, , ,,, , ,
12,2021-05-03 11:00:00+02:00,194.35923767089844,194.9530029296875,194.35923767089844,194.9530029296875,194.9530029296875,1295.0,196.68482208251953,,,,202.3750762939453,0,,,, , ,,, , ,
13,2021-05-03 12:00:00+02:00,194.7550811767578,195.54676818847656,194.7550811767578,195.34884643554688,195.34884643554688,9785.0,196.43741607666016,,,,201.88026428222656,0,,,, , ,,, , ,
14,2021-05-03 13:00:00+02:00,195.54676818847656,195.94261169433597,195.34884643554688,195.54676818847656,195.54676818847656,9298.0,195.64572906494138,,,,201.88026428222656,0,,,, , ,,, , ,33.9286156794403
15,2021-05-03 14:00:00+02:00,195.34884643554688,195.94261169433597,195.34884643554688,195.94261169433597,195.94261169433597,7875.0,195.44780731201172,,,,202.869873046875,0,,,, , ,,, , ,36.206933219907015
16,2021-05-03 15:00:00+02:00,195.34884643554688,195.94261169433597,195.34884643554688,195.94261169433597,195.94261169433597,8981.0,195.44780731201172,,,,205.34390258789065,0,,,, , ,,, , ,31.481534358600257
17,2021-05-03 16:00:00+02:00,196.1405334472656,196.3384552001953,196.1405334472656,196.1405334472656,196.1405334472656,1420.0,195.24988555908203,,,,204.84909057617188,0,,,, , ,,, , ,33.928615679439616
18,2021-05-04 09:00:00+02:00,196.1405334472656,196.9322204589844,196.1405334472656,196.9322204589844,196.9322204589844,506.0,195.44780731201172,,,,207.3231201171875,0,,,, , ,,, , ,37.28808686903029
19,2021-05-04 10:00:00+02:00,196.9322204589844,198.91143798828125,196.9322204589844,197.1301422119141,197.1301422119141,2593.0,196.43741607666016,,,,206.82830810546875,0,,,, , ,,, , ,52.17391304347821
20,2021-05-04 11:00:00+02:00,198.4166412353516,198.91143798828125,197.1301422119141,198.91143798828125,198.91143798828125,8790.0,196.63533782958984,,,,206.33351135253903,0,,,, , ,,, , ,72.41379310344806
21,2021-05-04 12:00:00+02:00,198.91143798828125,198.91143798828125,198.4166412353516,198.91143798828125,198.91143798828125,9740.0,196.83325958251953,,,,207.3231201171875,0,,,, , ,,, , ,72.41379310344806
22,2021-05-04 13:00:00+02:00,198.4166412353516,198.91143798828125,197.72390747070312,197.9218292236328,197.9218292236328,31872.0,197.13014221191406,,,,207.3231201171875,0,,,, , ,,, , ,67.7419354838708
23,2021-05-04 14:00:00+02:00,198.4166412353516,198.4166412353516,196.9322204589844,197.32806396484372,197.32806396484372,24953.0,197.13014221191406,,,,206.82830810546875,0,,,, , ,,, , ,60.60606060606008
24,2021-05-04 15:00:00+02:00,197.1301422119141,198.4166412353516,196.3384552001953,198.4166412353516,198.4166412353516,16379.0,197.13014221191406,,,,209.3023376464844,0,,,, , ,,, , ,73.91307262569823
25,2021-05-04 16:00:00+02:00,198.91143798828125,198.91143798828125,197.9218292236328,197.9218292236328,197.9218292236328,146.0,197.52598571777344,196.68482208251953,,,210.7867431640625,0,,,, , ,,, , ,70.83328871823282
26,2021-05-05 09:00:00+02:00,198.91143798828125,201.88026428222656,198.4166412353516,200.89065551757807,200.89065551757807,1704.0,199.0103988647461,197.9218292236328,,,210.7867431640625,0,,,, , ,,, , ,79.41172024513124
27,2021-05-05 10:00:00+02:00,200.89065551757807,201.88026428222656,200.89065551757807,201.88026428222656,201.88026428222656,3760.0,199.10935974121094,197.9218292236328,,,211.28155517578125,0,,,, , ,,, , ,80.55551193187058
28,2021-05-05 11:00:00+02:00,201.88026428222656,201.88026428222656,201.38546752929688,201.38546752929688,201.38546752929688,4678.0,199.10935974121094,197.9218292236328,,,211.28155517578125,0,,,, , ,,, , ,76.57659284530547
29,2021-05-05 12:00:00+02:00,201.88026428222656,201.88026428222656,200.89065551757807,201.38546752929688,201.38546752929688,6775.0,199.10935974121094,197.9218292236328,,,209.3023376464844,0,,,, , ,,, , ,75.7009520872568
30,2021-05-05 13:00:00+02:00,201.38546752929688,201.38546752929688,201.38546752929688,201.38546752929688,201.38546752929688,393.0,199.10935974121094,197.9218292236328,,,207.8179168701172,0,,,, , ,,, , ,75.7009520872568
31,2021-05-05 14:00:00+02:00,200.89065551757807,201.38546752929688,200.89065551757807,201.38546752929688,201.38546752929688,15168.0,199.10935974121094,197.9218292236328,,,207.8179168701172,0,,,, , ,,, , ,75.2381134192292
32,2021-05-05 15:00:00+02:00,201.38546752929688,201.38546752929688,200.89065551757807,201.38546752929688,201.38546752929688,19355.0,199.10935974121094,197.9218292236328,,,197.9218292236328,0,,,, , ,,, , ,73.19589759241032
33,2021-05-05 16:00:00+02:00,201.38546752929688,201.88026428222656,200.89065551757807,201.38546752929688,201.38546752929688,7083.0,199.9010467529297,197.9218292236328,,,199.9010467529297,0,,,, , ,,, , ,72.63160115756071
34,2021-05-06 09:00:00+02:00,200.89065551757807,204.3542938232422,200.89065551757807,204.3542938232422,204.3542938232422,1173.0,201.38546752929688,199.15884399414062,,,197.9218292236328,0,,,, , ,,, , ,75.70095208725687
35,2021-05-06 10:00:00+02:00,204.3542938232422,205.8386993408203,203.36468505859372,205.34390258789065,205.34390258789065,4474.0,203.3646774291992,199.9010467529297,,,198.4166412353516,0,,,, , ,,, , ,77.77779242070395
36,2021-05-06 11:00:00+02:00,205.34390258789065,205.34390258789065,203.85948181152344,203.85948181152344,203.85948181152344,9247.0,203.3646774291992,199.9010467529297,,,198.4166412353516,0,,,, , ,,, , ,74.59013285610254
37,2021-05-06 12:00:00+02:00,204.3542938232422,204.3542938232422,203.85948181152344,204.3542938232422,204.3542938232422,1656.0,203.3646774291992,200.09896850585938,,,197.9218292236328,0,,,, , ,,, , ,79.33881875305012
38,2021-05-06 13:00:00+02:00,204.3542938232422,204.3542938232422,202.3750762939453,202.3750762939453,202.3750762939453,3371.0,203.3646774291992,200.29689025878906,,,197.1301422119141,0,,,, , ,,, , ,65.38459713728577
39,2021-05-06 14:00:00+02:00,202.3750762939453,203.36468505859372,201.88026428222656,201.88026428222656,201.88026428222656,2486.0,203.3646774291992,200.5937728881836,,,197.9218292236328,0,,,, , ,,, , ,65.38459713728591
40,2021-05-06 15:00:00+02:00,201.88026428222656,202.3750762939453,201.38546752929688,201.88026428222656,201.88026428222656,2177.0,203.3646774291992,200.5937728881836,,,191.19248962402344,0,,,, , ,,, , ,54.9999922905063
41,2021-05-06 16:00:00+02:00,201.88026428222656,203.36468505859372,201.88026428222656,202.869873046875,202.869873046875,5645.0,203.3646774291992,200.5937728881836,,,192.97378540039065,0,,,, , ,,, , ,54.999992290506036
42,2021-05-07 09:00:00+02:00,205.34390258789065,205.8386993408203,203.85948181152344,205.34390258789065,205.34390258789065,2366.0,203.3646774291992,200.98961639404297,,,192.97378540039065,0,,,, , ,,, , ,66.66662383618885
43,2021-05-07 10:00:00+02:00,204.84909057617188,205.34390258789065,204.3542938232422,204.84909057617188,204.84909057617188,3401.0,203.6120834350586,200.98961639404297,,,192.97378540039065,0,,,, , ,,, , ,63.99992598897223
44,2021-05-07 11:00:00+02:00,204.3542938232422,207.8179168701172,204.3542938232422,207.3231201171875,207.3231201171875,15367.0,204.60169219970703,202.07818603515625,,,192.3800201416016,0,,,, , ,,, , ,69.99993832414347
45,2021-05-07 12:00:00+02:00,206.82830810546875,206.82830810546875,206.82830810546875,206.82830810546875,206.82830810546875,1534.0,204.60169219970703,202.07818603515625,,,192.97378540039065,0,,,, , ,,, , ,67.74184884248376
46,2021-05-07 13:00:00+02:00,206.82830810546875,206.82830810546875,206.33351135253903,206.33351135253903,206.33351135253903,4521.0,204.60169219970703,202.07818603515625,,,192.97378540039065,0,,,, , ,,, , ,65.6249548272447
47,2021-05-07 14:00:00+02:00,206.82830810546875,207.3231201171875,205.8386993408203,207.3231201171875,207.3231201171875,10269.0,204.60169219970703,202.07818603515625,,,192.97378540039065,0,,,, , ,,, , ,67.64701080597658
48,2021-05-07 15:00:00+02:00,205.8386993408203,207.8179168701172,205.8386993408203,207.3231201171875,207.3231201171875,14117.0,204.60169219970703,202.07818603515625,,,188.22366333007807,0,,,, , ,,, , ,60.71425031361051
49,2021-05-07 16:00:00+02:00,206.82830810546875,206.82830810546875,206.82830810546875,206.82830810546875,206.82830810546875,259.0,204.84909057617188,202.07818603515625,,,188.6195068359375,0,,,, , ,,, , ,55.55550479358006
50,2021-05-10 09:00:00+02:00,210.7867431640625,215.239990234375,208.31272888183597,209.3023376464844,209.3023376464844,18234.0,209.54973602294922,206.5809097290039,,,189.01535034179688,0,,,, , ,,, , ,68.96547323960726
51,2021-05-10 10:00:00+02:00,209.7971343994141,211.28155517578125,208.31272888183597,210.7867431640625,210.7867431640625,16724.0,209.7971420288086,206.82831573486328,197.10540390014648,,188.8174285888672,0,,,, , ,,, , ,70.96766492084083
52,2021-05-10 11:00:00+02:00,210.7867431640625,211.28155517578125,210.7867431640625,210.7867431640625,210.7867431640625,5856.0,209.7971420288086,208.06532287597653,198.46611404418945,,188.42156982421875,0,,,, , ,,, , ,81.48136303673685
53,2021-05-10 12:00:00+02:00,211.28155517578125,211.28155517578125,210.7867431640625,211.28155517578125,211.28155517578125,2101.0,210.53934478759766,208.06532287597653,198.51559448242188,,188.42156982421875,0,,,, , ,,, , ,85.18511327230438
54,2021-05-10 13:00:00+02:00,211.28155517578125,211.7763519287109,211.28155517578125,211.28155517578125,211.28155517578125,20235.0,210.53934478759766,208.06532287597653,198.51559448242188,,189.60911560058597,0,,,, , ,,, , ,85.18511327230438
55,2021-05-10 14:00:00+02:00,211.7763519287109,211.7763519287109,208.8075256347656,209.3023376464844,209.3023376464844,15056.0,210.53934478759766,208.06532287597653,198.51559448242188,,188.8174285888672,0,,,, , ,,, , ,72.41376010208418
56,2021-05-10 15:00:00+02:00,209.3023376464844,209.7971343994141,207.3231201171875,207.8179168701172,207.8179168701172,22978.0,210.53934478759766,208.06532287597653,198.51559448242188,,189.60911560058597,0,,,, , ,,, , ,59.259204267056354
57,2021-05-10 16:00:00+02:00,207.3231201171875,208.31272888183597,207.3231201171875,207.8179168701172,207.8179168701172,2490.0,211.03414916992188,208.06532287597653,198.51559448242188,,189.21327209472656,0,,,, , ,,, , ,61.53843416749983
58,2021-05-11 09:00:00+02:00,200.89065551757807,201.88026428222656,194.55715942382807,197.9218292236328,197.9218292236328,10495.0,204.89857482910153,204.89857482910153,198.51559448242188,,190.0049591064453,0,,,, , ,,, , ,26.829275630693346
59,2021-05-11 10:00:00+02:00,198.4166412353516,199.9010467529297,196.7342987060547,199.9010467529297,199.9010467529297,22873.0,203.16675567626947,204.89857482910153,198.91143798828125,,189.8070373535156,0,-1.0,,, , ,,, , ,34.09092024101305
60,2021-05-11 11:00:00+02:00,198.4166412353516,200.39585876464844,197.52598571777344,197.9218292236328,197.9218292236328,10598.0,203.16675567626947,204.89857482910153,200.27215576171875,,189.01535034179688,0,,0.0,, ,Close,,, , ,31.914895013037338
61,2021-05-11 12:00:00+02:00,197.9218292236328,198.91143798828125,197.52598571777344,198.4166412353516,198.4166412353516,9964.0,203.16675567626947,204.89857482910153,201.63286209106445,,188.42156982421875,0,,0.0,0.0, , ,,, , ,30.434808841383585
62,2021-05-11 13:00:00+02:00,197.9218292236328,198.91143798828125,197.9218292236328,198.4166412353516,198.4166412353516,7586.0,203.16675567626947,204.89857482910153,201.63286209106445,,187.0361328125,0,,0.0,0.0, , ,,, , ,30.434808841383585
63,2021-05-11 14:00:00+02:00,197.9218292236328,198.91143798828125,197.9218292236328,197.9218292236328,197.9218292236328,5022.0,203.16675567626947,204.89857482910153,201.7318229675293,,186.8382110595703,0,,0.0,0.0, , ,,, , ,30.434808841383543
64,2021-05-11 15:00:00+02:00,198.91143798828125,198.91143798828125,197.1301422119141,197.1301422119141,197.1301422119141,14204.0,202.1771469116211,204.89857482910153,201.83078384399414,,186.24444580078125,0,,0.0,0.0, , ,,, , ,21.126773817822766
65,2021-05-11 16:00:00+02:00,197.1301422119141,198.4166412353516,197.1301422119141,197.9218292236328,197.9218292236328,3591.0,201.43494415283203,204.89857482910153,201.9792251586914,,185.84860229492188,0,,0.0,0.0, , ,,, , ,18.44664917684308
66,2021-05-12 09:00:00+02:00,199.40625,199.40625,188.8174285888672,191.19248962402344,191.19248962402344,15159.0,195.34884643554688,202.0287094116211,201.9792251586914,,185.6506805419922,0,,0.0,0.0, , ,,, , ,13.868653803623914
67,2021-05-12 10:00:00+02:00,190.0049591064453,193.1717071533203,190.0049591064453,192.97378540039065,192.97378540039065,18249.0,194.6066436767578,202.0287094116211,201.9792251586914,,185.45274353027344,0,,0.0,0.0, , ,,, , ,17.770047385217197
68,2021-05-12 11:00:00+02:00,191.3903961181641,193.36962890625,191.3903961181641,192.97378540039065,192.97378540039065,8818.0,194.6066436767578,202.0287094116211,202.1771469116211,,185.2548370361328,0,,0.0,0.0, , ,,, , ,17.770047385217197
69,2021-05-12 12:00:00+02:00,191.9841766357422,193.36962890625,191.9841766357422,192.97378540039065,192.97378540039065,9026.0,194.1118392944336,202.0287094116211,202.30084991455078,,185.6506805419922,0,,0.0,0.0, , ,,, , ,19.101135923956107
70,2021-05-12 13:00:00+02:00,193.36962890625,193.36962890625,191.5883331298828,192.3800201416016,192.3800201416016,14645.0,194.1118392944336,202.0287094116211,203.33993911743164,,185.84860229492188,0,,0.0,0.0, , ,,, , ,19.767459928522854
71,2021-05-12 14:00:00+02:00,191.9841766357422,193.1717071533203,191.9841766357422,192.97378540039065,192.97378540039065,5488.0,194.1118392944336,202.0287094116211,203.33993911743164,,185.05691528320312,0,,0.0,0.0, , ,,, , ,21.590925683327654
72,2021-05-12 15:00:00+02:00,192.57794189453125,193.1717071533203,192.18209838867188,192.97378540039065,192.97378540039065,6497.0,194.1118392944336,202.0287094116211,203.33993911743164,,185.05691528320312,0,,0.0,0.0, , ,,, , ,34.75611189302988
73,2021-05-12 16:00:00+02:00,193.1717071533203,193.5675506591797,192.97378540039065,192.97378540039065,192.97378540039065,1020.0,194.1118392944336,202.0287094116211,203.33993911743164,,185.45274353027344,0,,0.0,0.0, , ,,, , ,25.69447046994756
74,2021-05-18 09:00:00+02:00,191.9841766357422,191.9841766357422,188.22366333007807,188.22366333007807,188.22366333007807,1483.0,193.81495666503903,201.73182678222653,203.33993911743164,,187.82781982421875,0,,0.0,0.0, , ,,, , ,21.511653445473698
75,2021-05-18 10:00:00+02:00,190.5987243652344,190.5987243652344,188.02574157714844,188.6195068359375,188.6195068359375,7395.0,190.79664611816406,201.63286590576172,203.46363830566406,,186.8382110595703,0,,0.0,0.0, , ,,, , ,21.05262208740878
76,2021-05-18 11:00:00+02:00,189.01535034179688,189.01535034179688,188.02574157714844,189.01535034179688,189.01535034179688,5537.0,190.79664611816406,199.9010467529297,208.06532287597656,,188.8174285888672,0,,0.0,0.0, , ,,, , ,22.85713278758881
77,2021-05-18 12:00:00+02:00,188.42156982421875,189.01535034179688,188.42156982421875,188.8174285888672,188.8174285888672,1542.0,190.79664611816406,199.9010467529297,208.31272888183594,,188.6195068359375,0,,0.0,0.0, , ,,, , ,23.255813953488556
78,2021-05-18 13:00:00+02:00,189.01535034179688,189.21327209472656,188.22366333007807,188.42156982421875,188.42156982421875,7073.0,190.79664611816406,199.9010467529297,208.93123245239258,,188.42156982421875,0,,0.0,0.0, , ,,, , ,23.80950195720324
79,2021-05-18 14:00:00+02:00,188.22366333007807,188.42156982421875,188.22366333007807,188.42156982421875,188.42156982421875,3920.0,190.79664611816406,199.9010467529297,209.3023338317871,,188.6195068359375,0,,0.0,0.0, , ,,, , ,19.999980726254336
80,2021-05-18 15:00:00+02:00,188.22366333007807,190.0049591064453,188.22366333007807,189.60911560058597,189.60911560058597,5130.0,190.79664611816406,199.9010467529297,209.3023338317871,,185.05691528320312,0,,0.0,0.0, , ,,, , ,42.30771511681378
81,2021-05-18 16:00:00+02:00,189.4111785888672,189.4111785888672,188.42156982421875,188.8174285888672,188.8174285888672,1418.0,190.79664611816406,198.91143798828125,209.3023338317871,,185.2548370361328,0,,0.0,0.0, , ,,, , ,27.659647758755924
82,2021-05-19 09:00:00+02:00,188.6195068359375,190.4007873535156,188.6195068359375,189.60911560058597,189.60911560058597,4306.0,190.0049591064453,198.1692352294922,209.3023338317871,,185.05691528320312,0,,0.0,0.0, , ,,, , ,33.333383722108294
83,2021-05-19 10:00:00+02:00,189.01535034179688,189.60911560058597,188.42156982421875,189.21327209472656,189.21327209472656,3235.0,189.3122329711914,194.9530029296875,209.54973602294922,,185.2548370361328,0,,0.0,0.0, , ,,, , ,32.07552384485058
84,2021-05-19 11:00:00+02:00,188.6195068359375,190.7966461181641,188.6195068359375,190.0049591064453,190.0049591064453,2396.0,189.41119384765625,194.21080017089844,204.89857482910153,,185.2548370361328,0,,0.0,0.0, , ,,, , ,38.88892061515983
85,2021-05-19 12:00:00+02:00,190.7966461181641,190.7966461181641,189.8070373535156,189.8070373535156,189.8070373535156,2302.0,189.5101547241211,194.21080017089844,204.0326652526855,,185.2548370361328,0,,0.0,0.0, , ,,, , ,34.61543023362714
86,2021-05-19 13:00:00+02:00,189.8070373535156,190.0049591064453,189.01535034179688,189.01535034179688,189.01535034179688,687.0,189.5101547241211,193.71599578857422,204.0326652526855,,183.27560424804688,0,,0.0,0.0, , ,,, , ,32.142906310488755
87,2021-05-19 14:00:00+02:00,189.01535034179688,189.01535034179688,188.42156982421875,188.42156982421875,188.42156982421875,8414.0,189.5101547241211,193.71599578857422,204.0326652526855,,182.87977600097656,0,,0.0,0.0, , ,,, , ,30.508485649922164
88,2021-05-19 15:00:00+02:00,188.6195068359375,188.6195068359375,186.8382110595703,187.0361328125,187.0361328125,11815.0,188.8174285888672,193.12223052978516,204.0326652526855,,,0,,0.0,0.0, , ,,, , ,42.85716907985599
89,2021-05-19 16:00:00+02:00,187.0361328125,187.2340545654297,186.8382110595703,186.8382110595703,186.8382110595703,2361.0,188.8174285888672,193.12223052978516,204.0326652526855,,183.27560424804688,0,,0.0,0.0, , ,,, , ,39.02443152010215
90,2021-05-20 09:00:00+02:00,187.82781982421875,189.8070373535156,185.6506805419922,186.24444580078125,186.24444580078125,2074.0,188.22366333007812,192.5284652709961,203.53786087036133,,182.87977600097656,0,,0.0,0.0, , ,,, , ,33.333394519663074
91,2021-05-20 10:00:00+02:00,186.24444580078125,186.44235229492188,185.6506805419922,185.84860229492188,185.84860229492188,2994.0,188.22366333007812,192.5284652709961,203.1667594909668,,181.89016723632807,0,,0.0,0.0, , ,,, , ,32.55820207797355
92,2021-05-20 11:00:00+02:00,186.0465240478516,186.0465240478516,185.6506805419922,185.6506805419922,185.6506805419922,2911.0,188.22366333007812,189.60911560058594,198.68877792358398,,182.68185424804688,0,,0.0,0.0, , ,,, , ,33.33345570621721
93,2021-05-20 12:00:00+02:00,185.6506805419922,185.84860229492188,185.45274353027344,185.45274353027344,185.45274353027344,4182.0,188.12469482421875,189.51014709472656,198.31767654418945,,182.0880889892578,0,,0.0,0.0, , ,,, , ,32.55820207797355
94,2021-05-20 13:00:00+02:00,185.45274353027344,185.84860229492188,185.2548370361328,185.2548370361328,185.2548370361328,6268.0,187.62989807128906,189.41119384765625,198.31767654418945,,182.48391723632807,0,,0.0,0.0, , ,,, , ,21.052631578947498
95,2021-05-20 14:00:00+02:00,185.45274353027344,185.84860229492188,185.2548370361328,185.6506805419922,185.6506805419922,4795.0,187.53093719482422,189.41119384765625,198.07027435302734,,182.28599548339844,0,,0.0,0.0, , ,,, , ,27.777777777777956
96,2021-05-20 15:00:00+02:00,185.2548370361328,185.84860229492188,185.2548370361328,185.84860229492188,185.84860229492188,1755.0,187.53093719482422,189.41119384765625,198.07027435302734,,182.87977600097656,0,,0.0,0.0, , ,,, , ,21.21212121212112
97,2021-05-20 16:00:00+02:00,185.6506805419922,185.6506805419922,185.05691528320312,185.05691528320312,185.05691528320312,2447.0,187.43197631835938,189.3122329711914,198.07027435302734,,182.1999969482422,0,,0.0,0.0, , ,,, , ,20.0
98,2021-05-21 09:00:00+02:00,186.0465240478516,186.0465240478516,183.869384765625,185.05691528320312,185.05691528320312,1482.0,186.8382110595703,188.71846771240234,198.07027435302734,,183.0,0,,0.0,0.0, , ,,, , ,9.677419354838719
99,2021-05-21 10:00:00+02:00,184.463134765625,185.6506805419922,184.463134765625,185.45274353027344,185.45274353027344,2619.0,185.15586853027344,187.9267807006836,198.07027435302734,,182.3999938964844,0,,0.0,0.0, , ,,, , ,15.624796721524831
100,2021-05-21 11:00:00+02:00,185.6506805419922,187.82781982421875,185.45274353027344,187.82781982421875,187.82781982421875,4259.0,185.84860229492188,187.33301544189453,197.77339172363278,,181.8000030517578,0,,0.0,0.0, , ,,, , ,42.5
101,2021-05-21 12:00:00+02:00,186.0465240478516,188.02574157714844,186.0465240478516,186.8382110595703,186.8382110595703,5040.0,185.94756317138672,187.33301544189453,196.2147560119629,,182.3999938964844,0,,0.0,0.0, , ,,, , ,40.47626477428545
102,2021-05-21 13:00:00+02:00,186.44235229492188,189.8070373535156,186.44235229492188,188.8174285888672,188.8174285888672,18745.0,186.8382110595703,187.33301544189453,195.34884643554688,,183.1999969482422,0,,0.0,0.0, , ,,, , ,60.0
103,2021-05-21 14:00:00+02:00,189.8070373535156,189.8070373535156,188.22366333007807,188.6195068359375,188.6195068359375,4471.0,186.8382110595703,187.33301544189453,195.34884643554688,204.60169219970703,183.3999938964844,-1,,0.0,0.0, , ,,, , ,60.0
104,2021-05-21 15:00:00+02:00,188.22366333007807,189.21327209472656,188.22366333007807,188.42156982421875,188.42156982421875,9773.0,186.8382110595703,187.33301544189453,195.34884643554688,204.60169219970703,182.8000030517578,-1,,0.0,0.0, , ,,, , ,62.79058509665551
105,2021-05-21 16:00:00+02:00,188.6195068359375,188.6195068359375,188.6195068359375,188.6195068359375,188.6195068359375,131.0,186.8382110595703,187.33301544189453,195.34884643554688,204.60169219970703,183.1999969482422,-1,,0.0,0.0, , ,,, , ,66.66660548033715
106,2021-05-25 09:00:00+02:00,186.0465240478516,187.62989807128903,184.66107177734372,185.05691528320312,185.05691528320312,6640.0,186.8382110595703,187.33301544189453,195.34884643554688,204.60169219970703,182.8000030517578,-1,,0.0,0.0, , ,,, , ,47.45763376284315
107,2021-05-25 10:00:00+02:00,186.0465240478516,186.0465240478516,184.463134765625,185.2548370361328,185.2548370361328,5198.0,187.1350860595703,187.33301544189453,194.85404205322266,204.60169219970703,182.3999938964844,-1,,0.0,0.0, , ,,, , ,49.15260881495904
108,2021-05-25 11:00:00+02:00,184.85899353027344,185.84860229492188,184.463134765625,185.05691528320312,185.05691528320312,5403.0,187.1350860595703,187.33301544189453,194.08709716796875,204.60169219970703,182.6000061035156,-1,,0.0,0.0, , ,,, , ,49.152544587614386
109,2021-05-25 12:00:00+02:00,185.2548370361328,185.45274353027344,185.05691528320312,185.2548370361328,185.2548370361328,2695.0,187.1350860595703,187.33301544189453,192.13261795043945,204.60169219970703,182.3999938964844,-1,,0.0,0.0, , ,,, , ,48.275866652488304
110,2021-05-25 13:00:00+02:00,185.2548370361328,186.0465240478516,185.05691528320312,185.2548370361328,185.2548370361328,8029.0,187.1350860595703,187.33301544189453,191.81099700927734,204.60169219970703,182.0,-1,,0.0,0.0, , ,,, , ,47.368428171269585
111,2021-05-25 14:00:00+02:00,185.2548370361328,185.45274353027344,184.85899353027344,185.2548370361328,185.2548370361328,15382.0,187.1350860595703,186.93717193603516,191.86047744750977,204.60169219970703,181.0,-1,1.0,0.0,0.0, , ,,, , ,50.94339348184998
112,2021-05-25 15:00:00+02:00,185.45274353027344,185.45274353027344,183.07769775390625,183.27560424804688,183.27560424804688,9314.0,186.1454849243164,186.44236755371094,191.61307525634766,204.60169219970703,181.1999969482422,-1,-1.0,0.0,0.0, , ,0.0,, ,Close,42.85710789352599
113,2021-05-25 16:00:00+02:00,183.07769775390625,183.47352600097656,182.87977600097656,182.87977600097656,182.87977600097656,1358.0,185.74964141845703,186.3434066772461,191.61307525634766,204.60169219970703,182.3999938964844,-1,,0.0,0.0, ,Close,-1.0,-1.0,Sell, ,39.68263874612079
114,2021-05-26 09:00:00+02:00,,,,,,,,,190.96982955932617,204.60169219970703,182.1999969482422,0,,0.0,0.0, , ,-1.0,0.0, , ,
115,2021-05-27 09:00:00+02:00,182.28599548339844,183.6714630126953,182.28599548339844,183.27560424804688,183.27560424804688,2643.0,,,190.96982955932617,204.79961395263672,182.0,-1,,0.0,0.0, , ,-1.0,0.0, , ,
116,2021-05-27 10:00:00+02:00,183.6714630126953,183.6714630126953,182.68185424804688,182.87977600097656,182.87977600097656,608.0,,,190.3760643005371,204.89857482910153,182.3999938964844,-1,,0.0,0.0, , ,-1.0,0.0, , ,
117,2021-05-27 11:00:00+02:00,182.68185424804688,183.27560424804688,181.4943084716797,181.89016723632807,181.89016723632807,6448.0,,,190.3760643005371,204.89857482910153,182.3999938964844,-1,,0.0,0.0, , ,-1.0,0.0, , ,
118,2021-05-27 12:00:00+02:00,182.28599548339844,182.68185424804688,182.28599548339844,182.68185424804688,182.68185424804688,343.0,,,188.91638946533203,202.0287094116211,182.1999969482422,-1,,0.0,0.0, , ,-1.0,0.0, , ,
119,2021-05-27 13:00:00+02:00,182.28599548339844,182.68185424804688,181.89016723632807,182.0880889892578,182.0880889892578,2695.0,,,188.81742095947266,202.0287094116211,182.6000061035156,-1,,0.0,0.0, , ,-1.0,0.0, , ,
120,2021-05-27 14:00:00+02:00,182.68185424804688,182.68185424804688,181.89016723632807,182.48391723632807,182.48391723632807,1983.0,,,188.52054595947266,202.0287094116211,182.3999938964844,-1,,0.0,0.0, , ,-1.0,0.0, , ,
121,2021-05-27 15:00:00+02:00,182.48391723632807,182.68185424804688,182.28599548339844,182.28599548339844,182.28599548339844,3148.0,,,188.47106552124023,202.0287094116211,188.8000030517578,-1,,0.0,0.0, , ,-1.0,0.0, , ,
122,2021-05-27 16:00:00+02:00,182.48391723632807,182.87977600097656,182.28599548339844,182.87977600097656,182.87977600097656,1672.0,,,188.47106552124023,202.0287094116211,186.8000030517578,-1,,0.0,0.0, , ,-1.0,0.0, , ,
123,2021-05-28 09:00:00+02:00,184.0,184.0,182.1999969482422,182.1999969482422,182.1999969482422,1189.0,182.74715423583984,,188.3721046447754,202.0287094116211,187.0,-1,,0.0,0.0, , ,-1.0,0.0, , ,
124,2021-05-28 10:00:00+02:00,183.1999969482422,183.6000061035156,182.1999969482422,183.0,183.0,6652.0,182.74715423583984,,187.77833938598633,202.0287094116211,186.0,-1,,0.0,0.0, , ,-1.0,0.0, , ,
125,2021-05-28 11:00:00+02:00,183.0,183.6000061035156,182.0,182.3999938964844,182.3999938964844,3622.0,182.74715423583984,,186.54132461547852,202.0287094116211,185.8000030517578,-1,,0.0,0.0, , ,-1.0,0.0, , ,
126,2021-05-28 12:00:00+02:00,182.6000061035156,182.6000061035156,181.6000061035156,181.8000030517578,181.8000030517578,9239.0,182.8000030517578,,186.5908088684082,201.73182678222653,187.0,-1,,0.0,0.0, , ,-1.0,0.0, , ,
127,2021-05-28 13:00:00+02:00,182.3999938964844,182.6000061035156,181.6000061035156,182.3999938964844,182.3999938964844,5086.0,182.8000030517578,,186.64028930664062,201.63286590576172,187.0,-1,,0.0,0.0, , ,-1.0,0.0, , ,
128,2021-05-28 14:00:00+02:00,182.6000061035156,183.1999969482422,182.3999938964844,183.1999969482422,183.1999969482422,742.0,182.8000030517578,,187.08561325073242,201.63286590576172,186.3999938964844,-1,,0.0,0.0, , ,-1.0,0.0, , ,
129,2021-05-28 15:00:00+02:00,183.0,183.6000061035156,183.0,183.3999938964844,183.3999938964844,751.0,182.8000030517578,,187.08561325073242,201.63286590576172,184.6000061035156,-1,,0.0,0.0, , ,-1.0,0.0, , ,50.7549574178828
130,2021-05-28 16:00:00+02:00,183.1999969482422,183.1999969482422,182.6000061035156,182.8000030517578,182.8000030517578,3194.0,182.8000030517578,,187.08561325073242,201.63286590576172,183.0,-1,,0.0,0.0, , ,-1.0,0.0, , ,49.52754311575737
131,2021-05-31 09:00:00+02:00,181.6000061035156,183.1999969482422,181.6000061035156,183.1999969482422,183.1999969482422,1628.0,182.8000030517578,,187.08561325073242,201.63286590576172,183.1999969482422,-1,,0.0,0.0, , ,-1.0,0.0, , ,58.339956124414265
132,2021-05-31 10:00:00+02:00,182.1999969482422,183.8000030517578,182.1999969482422,182.8000030517578,182.8000030517578,2065.0,182.70000457763672,,187.08561325073242,201.63286590576172,182.3999938964844,-1,,0.0,0.0, , ,-1.0,0.0, , ,50.791771223824924
133,2021-05-31 11:00:00+02:00,183.0,183.0,182.1999969482422,182.3999938964844,182.3999938964844,2856.0,182.70000457763672,,187.23405075073242,201.63286590576172,181.3999938964844,-1,,0.0,0.0, , ,-1.0,0.0, , ,52.14595113265845
134,2021-05-31 12:00:00+02:00,182.1999969482422,183.0,182.1999969482422,182.6000061035156,182.6000061035156,2643.0,182.70000457763672,,187.23405075073242,201.63286590576172,183.1999969482422,-1,,0.0,0.0, , ,-1.0,0.0, , ,50.82082531352786
135,2021-05-31 13:00:00+02:00,182.8000030517578,182.8000030517578,182.3999938964844,182.3999938964844,182.3999938964844,379.0,182.70000457763672,,187.23405075073242,201.63286590576172,182.3999938964844,-1,,0.0,0.0, , ,-1.0,0.0, , ,50.80580620527964
136,2021-05-31 14:00:00+02:00,182.8000030517578,182.8000030517578,182.0,182.0,182.0,2636.0,182.70000457763672,,187.23405075073242,201.63286590576172,182.6000061035156,-1,,0.0,0.0, , ,-1.0,0.0, , ,43.60607088914167
137,2021-05-31 15:00:00+02:00,182.0,182.0,181.0,181.0,181.0,7987.0,182.4000015258789,,187.03612899780273,201.63286590576172,181.3999938964844,-1,,0.0,0.0, , ,-1.0,0.0, , ,41.66668432730957
138,2021-05-31 16:00:00+02:00,181.0,181.1999969482422,181.0,181.1999969482422,181.1999969482422,895.0,182.4000015258789,,186.29392623901367,201.63286590576172,180.8000030517578,-1,,0.0,0.0, , ,-1.0,0.0, , ,36.363594328346366
139,2021-06-01 09:00:00+02:00,185.0,185.3999938964844,181.8000030517578,182.3999938964844,182.3999938964844,1897.0,183.1999969482422,,186.04652404785156,201.63286590576172,178.0,-1,,0.0,0.0, , ,-1.0,0.0, , ,50.0
140,2021-06-01 10:00:00+02:00,182.3999938964844,184.0,182.1999969482422,182.1999969482422,182.1999969482422,2495.0,183.1999969482422,183.1999969482422,,201.03910064697266,177.1999969482422,0,,0.0,0.0, , ,-1.0,0.0, , ,52.941136871583595
141,2021-06-01 11:00:00+02:00,182.3999938964844,182.8000030517578,182.0,182.0,182.0,2609.0,183.1999969482422,183.1999969482422,,201.03910064697266,177.39999389648438,0,,0.0,0.0, , ,-1.0,0.0, , ,46.87504470352598
142,2021-06-01 12:00:00+02:00,182.6000061035156,183.0,182.0,182.3999938964844,182.3999938964844,4092.0,183.1999969482422,183.1999969482422,,200.4453353881836,176.8000030517578,0,,0.0,0.0, , ,-1.0,0.0, , ,43.33329094770064
143,2021-06-01 13:00:00+02:00,182.6000061035156,183.0,182.3999938964844,182.3999938964844,182.3999938964844,1180.0,183.1999969482422,183.1999969482422,,200.4453353881836,176.60000610351562,0,,0.0,0.0, , ,-1.0,0.0, , ,41.379292201163885
144,2021-06-01 14:00:00+02:00,182.3999938964844,182.3999938964844,182.1999969482422,182.1999969482422,182.1999969482422,1475.0,183.1999969482422,183.1999969482422,,200.4453353881836,176.8000030517578,0,,0.0,0.0, , ,-1.0,0.0, , ,44.44438165100284
145,2021-06-01 15:00:00+02:00,182.1999969482422,182.8000030517578,182.1999969482422,182.6000061035156,182.6000061035156,3975.0,183.1999969482422,183.1999969482422,,200.34636688232422,173.60000610351562,0,,0.0,0.0, , ,-1.0,0.0, , ,44.444538634340404
146,2021-06-01 16:00:00+02:00,182.8000030517578,182.8000030517578,182.3999938964844,182.3999938964844,182.3999938964844,561.0,183.1999969482422,183.1999969482422,,200.2474136352539,172.60000610351562,0,,0.0,0.0, , ,-1.0,0.0, , ,46.15377843768452
147,2021-06-02 09:00:00+02:00,184.1999969482422,188.8000030517578,184.0,188.8000030517578,188.8000030517578,3976.0,185.3000030517578,184.9000015258789,,200.2474136352539,173.0,0,1.0,0.0,0.0, , ,-1.0,0.0, , ,78.57139937738853
148,2021-06-02 10:00:00+02:00,187.3999938964844,188.8000030517578,186.3999938964844,186.8000030517578,186.8000030517578,4059.0,185.4000015258789,184.9000015258789,,200.2474136352539,172.60000610351562,0,,0.0,0.0, , ,0.0,1.0, ,Close,66.15381545572683
149,2021-06-02 11:00:00+02:00,187.6000061035156,188.6000061035156,186.3999938964844,187.0,187.0,4770.0,185.4000015258789,184.9000015258789,,200.14845275878906,173.0,0,,0.0,0.0, , ,0.0,0.0, , ,67.69233116736764
150,2021-06-02 12:00:00+02:00,188.6000061035156,188.6000061035156,186.0,186.0,186.0,6076.0,185.4000015258789,184.9000015258789,,199.5546875,175.39999389648438,0,,0.0,0.0, , ,0.0,0.0, , ,64.70587575312189
151,2021-06-02 13:00:00+02:00,186.3999938964844,186.8000030517578,185.8000030517578,185.8000030517578,185.8000030517578,4653.0,185.5,184.9000015258789,,199.5546875,176.8000030517578,0,,0.0,0.0, , ,0.0,0.0, , ,68.75000745057882
152,2021-06-02 14:00:00+02:00,186.1999969482422,187.1999969482422,185.6000061035156,187.0,187.0,10497.0,185.5,184.9000015258789,,199.5546875,176.0,0,,0.0,0.0, , ,0.0,0.0, , ,71.01449916353106
153,2021-06-02 15:00:00+02:00,186.0,187.1999969482422,185.6000061035156,187.0,187.0,6609.0,185.5,184.9000015258789,,199.5546875,180.0,0,,0.0,0.0, , ,0.0,0.0, , ,68.25398363192905
154,2021-06-02 16:00:00+02:00,187.0,187.0,186.0,186.3999938964844,186.3999938964844,1360.0,185.5999984741211,184.9000015258789,,197.82286834716797,178.39999389648438,0,,0.0,0.0, , ,0.0,0.0, , ,66.15381545572689
155,2021-06-09 09:00:00+02:00,185.6000061035156,185.6000061035156,183.6000061035156,184.6000061035156,184.6000061035156,2728.0,186.20000457763672,184.9000015258789,,197.82286834716797,177.60000610351562,0,,0.0,0.0, , ,0.0,0.0, , ,58.904126769130364
156,2021-06-09 10:00:00+02:00,184.6000061035156,184.6000061035156,183.0,183.0,183.0,6722.0,185.9000015258789,184.9000015258789,,197.82286834716797,176.8000030517578,0,,0.0,0.0, , ,0.0,0.0, , ,51.89875129168389
157,2021-06-09 11:00:00+02:00,184.0,184.6000061035156,183.0,183.1999969482422,183.1999969482422,8036.0,185.8000030517578,184.9000015258789,,197.82286834716797,177.39999389648438,0,,0.0,0.0, , ,0.0,0.0, , ,52.500007152550474
158,2021-06-09 12:00:00+02:00,183.3999938964844,183.6000061035156,182.3999938964844,182.3999938964844,182.3999938964844,15458.0,185.5,184.9000015258789,,197.82286834716797,176.8000030517578,0,,0.0,0.0, , ,0.0,0.0, , ,50.6023996712931
159,2021-06-09 13:00:00+02:00,183.1999969482422,183.6000061035156,179.1999969482422,181.3999938964844,181.3999938964844,69507.0,183.1999969482422,184.0,,196.83325958251953,177.39999389648438,0,-1.0,0.0,0.0, , ,0.0,0.0, , ,46.511594897180814
160,2021-06-09 14:00:00+02:00,181.6000061035156,183.8000030517578,180.8000030517578,183.1999969482422,183.1999969482422,13184.0,183.1999969482422,184.0,,196.09105682373047,177.60000610351562,0,,0.0,0.0, ,Close,0.0,0.0, , ,52.12766734546617
161,2021-06-09 15:00:00+02:00,183.3999938964844,183.8000030517578,182.3999938964844,182.3999938964844,182.3999938964844,7586.0,183.1999969482422,184.0,,192.87482452392578,175.0,0,,0.0,0.0, , ,0.0,0.0, , ,25.757535473802804
162,2021-06-09 16:00:00+02:00,182.8000030517578,182.8000030517578,182.6000061035156,182.6000061035156,182.6000061035156,2436.0,183.0999984741211,184.0,,192.13262176513672,175.8000030517578,0,,0.0,0.0, , ,0.0,0.0, , ,31.578975547140573
163,2021-06-10 09:00:00+02:00,181.0,181.8000030517578,181.0,181.3999938964844,181.3999938964844,1017.0,182.4000015258789,184.0,,192.13262176513672,175.0,0,,0.0,0.0, , ,0.0,0.0, , ,27.419374686210745
164,2021-06-10 10:00:00+02:00,181.1999969482422,181.3999938964844,180.3999938964844,180.8000030517578,180.8000030517578,2129.0,181.9000015258789,184.0,,191.24197387695312,175.0,0,,0.0,0.0, , ,0.0,0.0, , ,28.33337359953073
165,2021-06-10 11:00:00+02:00,181.1999969482422,181.1999969482422,178.0,178.0,178.0,12642.0,181.3000030517578,183.4000015258789,,191.14301300048828,175.0,0,,0.0,0.0, , ,0.0,0.0, , ,23.287699866328722
166,2021-06-10 12:00:00+02:00,179.60000610351562,179.60000610351562,175.1999969482422,177.1999969482422,177.1999969482422,41190.0,179.5,182.0,183.1999969482422,,176.1999969482422,0,,0.0,0.0, , ,0.0,0.0, , ,15.493013744703347
167,2021-06-10 13:00:00+02:00,175.8000030517578,177.8000030517578,175.1999969482422,177.39999389648438,177.39999389648438,11387.0,179.5,182.0,183.1999969482422,,175.60000610351562,0,,0.0,0.0, , ,0.0,0.0, , ,16.66670198787736
168,2021-06-10 14:00:00+02:00,177.60000610351562,177.60000610351562,176.60000610351562,176.8000030517578,176.8000030517578,3121.0,179.5,182.0,183.1999969482422,,176.8000030517578,0,,0.0,0.0, , ,0.0,0.0, , ,16.666719648539015
169,2021-06-10 15:00:00+02:00,176.8000030517578,177.1999969482422,176.60000610351562,176.60000610351562,176.60000610351562,4032.0,179.5,182.0,183.1999969482422,,175.39999389648438,0,,0.0,0.0, , ,0.0,0.0, , ,18.750044703419263
170,2021-06-10 16:00:00+02:00,176.8000030517578,176.8000030517578,176.60000610351562,176.8000030517578,176.8000030517578,1144.0,179.0,182.0,183.1999969482422,,174.60000610351562,0,,0.0,0.0, , ,0.0,0.0, , ,22.80705276725908
171,2021-06-11 09:00:00+02:00,178.8000030517578,178.8000030517578,173.39999389648438,173.60000610351562,173.60000610351562,2350.0,177.5999984741211,181.0999984741211,183.1999969482422,,173.0,0,,0.0,0.0, , ,0.0,0.0, , ,16.666719648539043
172,2021-06-11 10:00:00+02:00,176.0,176.39999389648438,172.60000610351562,172.60000610351562,172.60000610351562,18437.0,177.0,180.70000457763672,183.1999969482422,,174.0,0,,0.0,0.0, , ,0.0,0.0, , ,16.438411999673505
173,2021-06-11 11:00:00+02:00,174.39999389648438,174.39999389648438,171.39999389648438,173.0,173.0,19961.0,176.29999542236328,180.0999984741211,185.10000228881836,,174.0,0,,0.0,0.0, , ,0.0,0.0, , ,20.000021798269685
174,2021-06-11 12:00:00+02:00,171.60000610351562,173.0,171.39999389648438,172.60000610351562,172.60000610351562,10524.0,175.5,180.0,185.1500015258789,,175.1999969482422,0,,0.0,0.0, , ,0.0,0.0, , ,7.936513703249872
175,2021-06-11 13:00:00+02:00,172.8000030517578,173.39999389648438,172.60000610351562,173.0,173.0,458569.0,175.0999984741211,180.0,185.1500015258789,,175.8000030517578,0,,0.0,0.0, , ,0.0,0.0, , ,11.475377030234583
176,2021-06-11 14:00:00+02:00,173.1999969482422,175.8000030517578,172.60000610351562,175.39999389648438,175.39999389648438,15667.0,175.0999984741211,179.29999542236328,185.1500015258789,,176.39999389648438,0,,0.0,0.0, , ,0.0,0.0, , ,24.999894035917634
177,2021-06-11 15:00:00+02:00,172.8000030517578,178.1999969482422,172.60000610351562,176.8000030517578,176.8000030517578,47659.0,175.0999984741211,179.29999542236328,185.20000076293945,,177.0,0,,0.0,0.0, , ,0.0,0.0, , ,34.24656388903689
178,2021-06-11 16:00:00+02:00,177.0,177.1999969482422,176.0,176.0,176.0,8995.0,175.0999984741211,179.29999542236328,185.20000076293945,,176.60000610351562,0,,0.0,0.0, , ,0.0,0.0, , ,33.7837433796837
179,2021-06-14 09:00:00+02:00,178.0,181.8000030517578,178.0,180.0,180.0,10068.0,176.5999984741211,179.1999969482422,185.20000076293945,,176.0,0,,0.0,0.0, , ,0.0,0.0, , ,56.25001192095169
180,2021-06-14 10:00:00+02:00,181.1999969482422,181.1999969482422,178.1999969482422,178.39999389648438,178.39999389648438,9821.0,176.5999984741211,178.5,185.25,,176.0,0,,0.0,0.0, , ,0.0,0.0, , ,53.57142532763307
181,2021-06-14 11:00:00+02:00,179.0,179.39999389648438,177.60000610351562,177.60000610351562,177.60000610351562,3889.0,176.5999984741211,178.0,185.5500030517578,,176.60000610351562,0,,0.0,0.0, , ,0.0,0.0, , ,50.57474893100557
182,2021-06-14 12:00:00+02:00,177.60000610351562,178.0,176.60000610351562,176.8000030517578,176.8000030517578,4041.0,176.5999984741211,178.0,185.4000015258789,,177.0,0,,0.0,0.0, , ,0.0,0.0, , ,50.0
183,2021-06-14 13:00:00+02:00,177.1999969482422,177.8000030517578,176.60000610351562,177.39999389648438,177.39999389648438,2241.0,177.20000457763672,177.5999984741211,185.35000228881836,,176.1999969482422,0,,0.0,0.0, , ,0.0,0.0, , ,52.222192081353214
184,2021-06-14 14:00:00+02:00,177.60000610351562,177.8000030517578,176.60000610351562,176.8000030517578,176.8000030517578,3718.0,177.20000457763672,177.5999984741211,185.20000076293945,,176.39999389648438,0,,0.0,0.0, , ,0.0,0.0, , ,50.0
185,2021-06-14 15:00:00+02:00,176.60000610351562,178.60000610351562,176.60000610351562,177.39999389648438,177.39999389648438,9679.0,177.20000457763672,177.5999984741211,183.5999984741211,,174.60000610351562,0,,0.0,0.0, , ,0.0,0.0, , ,62.025310343362314
186,2021-06-14 16:00:00+02:00,177.60000610351562,177.60000610351562,177.39999389648438,177.60000610351562,177.60000610351562,646.0,178.9000015258789,177.5999984741211,183.5999984741211,,176.8000030517578,0,1.0,0.0,0.0, , ,0.0,0.0, , ,66.6667005751558
187,2021-06-15 09:00:00+02:00,178.0,178.0,175.0,175.0,175.0,7522.0,178.4000015258789,177.0999984741211,183.5999984741211,,176.0,0,,0.0,0.0, , ,0.0,0.0, ,Close,55.81395967771984
188,2021-06-15 10:00:00+02:00,176.0,176.0,175.0,175.8000030517578,175.8000030517578,5229.0,178.0999984741211,176.5999984741211,183.54999923706055,,176.60000610351562,0,,0.0,0.0, , ,0.0,0.0, , ,59.090905150104085
189,2021-06-15 11:00:00+02:00,175.60000610351562,175.8000030517578,174.60000610351562,175.0,175.0,7086.0,177.0,176.5999984741211,183.20000076293945,,176.1999969482422,0,,0.0,0.0, , ,0.0,0.0, , ,55.55555555555556
190,2021-06-15 12:00:00+02:00,174.8000030517578,175.39999389648438,174.60000610351562,175.0,175.0,5283.0,176.60000610351562,176.5999984741211,182.95000076293945,,176.39999389648438,0,,0.0,0.0, , ,0.0,0.0, , ,48.71796878209479
191,2021-06-15 13:00:00+02:00,175.39999389648438,175.39999389648438,174.8000030517578,175.0,175.0,4858.0,176.60000610351562,176.5999984741211,182.35000228881836,,179.60000610351562,0,,0.0,0.0, , ,0.0,0.0, , ,43.6619597232356
192,2021-06-15 14:00:00+02:00,175.0,176.1999969482422,174.60000610351562,176.1999969482422,176.1999969482422,4021.0,176.60000610351562,176.5999984741211,180.75,,179.8000030517578,0,,0.0,0.0, , ,0.0,0.0, , ,50.68492148512006
193,2021-06-15 15:00:00+02:00,175.39999389648438,177.0,175.1999969482422,175.60000610351562,175.60000610351562,3605.0,176.60000610351562,176.5999984741211,180.75,,176.8000030517578,0,,0.0,0.0, , ,0.0,0.0, , ,30.35713799144962
194,2021-06-15 16:00:00+02:00,175.8000030517578,176.8000030517578,175.39999389648438,176.8000030517578,176.8000030517578,2210.0,176.3000030517578,176.5999984741211,180.75,,176.8000030517578,0,-1.0,0.0,0.0, , ,0.0,0.0, , ,42.59261614016646
195,2021-06-16 09:00:00+02:00,178.0,178.0,175.39999389648438,175.39999389648438,175.39999389648438,1846.0,176.3000030517578,176.5999984741211,180.75,,176.39999389648438,0,,0.0,0.0, ,Close,0.0,0.0, , ,40.3508184872375
196,2021-06-16 10:00:00+02:00,175.8000030517578,175.8000030517578,174.39999389648438,174.60000610351562,174.60000610351562,6114.0,176.1999969482422,176.5999984741211,180.5,,176.8000030517578,0,,0.0,0.0, , ,0.0,0.0, , ,40.35087249651657
197,2021-06-16 11:00:00+02:00,174.8000030517578,174.8000030517578,173.0,173.0,173.0,15117.0,175.5,176.5999984741211,179.3499984741211,,178.39999389648438,0,,0.0,0.0, , ,0.0,0.0, , ,32.25808039416917
198,2021-06-16 12:00:00+02:00,174.60000610351562,174.60000610351562,173.0,174.0,174.0,14982.0,175.5,176.5999984741211,178.85000228881836,,179.1999969482422,0,,0.0,0.0, , ,0.0,0.0, , ,39.06249068677647
199,2021-06-16 13:00:00+02:00,174.0,174.1999969482422,173.60000610351562,174.0,174.0,5348.0,175.5,176.5999984741211,178.1999969482422,,179.0,0,,0.0,0.0, , ,0.0,0.0, , ,36.065612727318204
200,2021-06-16 14:00:00+02:00,173.60000610351562,175.1999969482422,173.60000610351562,175.1999969482422,175.1999969482422,4807.0,175.5,177.20000457763672,177.75,,180.1999969482422,0,,0.0,0.0, , ,0.0,0.0, , ,40.90905412825477
201,2021-06-16 15:00:00+02:00,174.0,176.0,174.0,175.8000030517578,175.8000030517578,5910.0,175.5,177.20000457763672,177.54999923706055,,179.0,0,,0.0,0.0, , ,0.0,0.0, , ,53.57144316848841
202,2021-06-16 16:00:00+02:00,176.0,176.39999389648438,176.0,176.39999389648438,176.39999389648438,1830.0,175.5,177.20000457763672,177.1999969482422,,179.1999969482422,0,,0.0,0.0, , ,0.0,0.0, , ,52.72723489551183
203,2021-06-18 09:00:00+02:00,178.0,178.0,177.0,177.0,177.0,1415.0,175.5,177.4000015258789,177.1999969482422,,178.39999389648438,0,,0.0,0.0, , ,0.0,0.0, , ,59.25926972483286
204,2021-06-18 10:00:00+02:00,177.39999389648438,177.39999389648438,176.60000610351562,176.60000610351562,176.60000610351562,1431.0,175.5,177.4000015258789,177.1999969482422,,178.0,0,,0.0,0.0, , ,0.0,0.0, , ,57.14289606840308
205,2021-06-18 11:00:00+02:00,176.39999389648438,176.39999389648438,174.8000030517578,176.0,176.0,6434.0,175.5,177.0999984741211,177.89999771118164,,176.39999389648438,0,,0.0,0.0, , ,0.0,0.0, , ,54.23729251904764
206,2021-06-18 12:00:00+02:00,175.0,176.0,174.8000030517578,176.0,176.0,7264.0,175.5,176.1999969482422,177.54999923706055,,176.60000610351562,0,,0.0,0.0, , ,0.0,0.0, , ,49.05661735386458
207,2021-06-18 13:00:00+02:00,176.0,176.8000030517578,175.8000030517578,176.60000610351562,176.60000610351562,10752.0,175.8000030517578,175.8000030517578,177.29999923706055,,177.0,0,,0.0,0.0, , ,0.0,0.0, , ,54.716978416023444
208,2021-06-18 14:00:00+02:00,176.0,177.60000610351562,176.0,177.0,177.0,27931.0,175.8000030517578,175.8000030517578,177.29999923706055,,177.1999969482422,0,,0.0,0.0, , ,0.0,0.0, , ,51.02039227531829
209,2021-06-18 15:00:00+02:00,177.39999389648438,177.60000610351562,176.0,176.1999969482422,176.1999969482422,3557.0,176.0,175.8000030517578,177.4000015258789,,173.8000030517578,0,1.0,0.0,0.0, , ,0.0,0.0, , ,54.34784411483238
210,2021-06-18 16:00:00+02:00,176.39999389648438,176.39999389648438,176.39999389648438,176.39999389648438,176.39999389648438,500.0,176.4000015258789,175.8000030517578,177.4000015258789,,173.0,0,,0.0,0.0, , ,0.0,0.0, ,Close,60.465037880804104
211,2021-06-21 09:00:00+02:00,176.0,179.0,172.8000030517578,174.60000610351562,174.60000610351562,15926.0,175.9000015258789,175.9000015258789,177.4000015258789,,174.0,0,,0.0,0.0, , ,0.0,0.0, , ,59.090956380610216
212,2021-06-21 10:00:00+02:00,174.1999969482422,177.0,173.8000030517578,176.8000030517578,176.8000030517578,9670.0,175.9000015258789,175.9000015258789,178.25,,174.0,0,,0.0,0.0, , ,0.0,0.0, , ,64.00003662114963
213,2021-06-21 11:00:00+02:00,175.0,177.39999389648438,175.0,176.0,176.0,10526.0,175.9000015258789,175.9000015258789,177.75,,174.1999969482422,0,,0.0,0.0, , ,0.0,0.0, , ,59.25926972483286
214,2021-06-21 12:00:00+02:00,176.60000610351562,177.39999389648438,175.60000610351562,176.60000610351562,176.60000610351562,13947.0,175.9000015258789,175.9000015258789,177.3499984741211,,174.0,0,,0.0,0.0, , ,0.0,0.0, , ,56.862792030122655
215,2021-06-21 13:00:00+02:00,176.39999389648438,177.39999389648438,176.1999969482422,176.1999969482422,176.1999969482422,6915.0,175.9000015258789,175.9000015258789,176.79999923706055,,175.1999969482422,0,,0.0,0.0, , ,0.0,0.0, , ,51.99996948242188
216,2021-06-21 14:00:00+02:00,176.1999969482422,177.0,176.0,176.39999389648438,176.39999389648438,2510.0,175.9000015258789,175.9000015258789,176.60000228881836,,174.0,0,,0.0,0.0, , ,0.0,0.0, , ,50.0
217,2021-06-21 15:00:00+02:00,176.1999969482422,179.60000610351562,176.0,179.60000610351562,179.60000610351562,12021.0,176.20000457763672,176.20000457763672,176.60000228881836,,174.0,0,,0.0,0.0, , ,0.0,0.0, , ,60.65575205743302
218,2021-06-21 16:00:00+02:00,179.0,179.8000030517578,178.60000610351562,179.8000030517578,179.8000030517578,4354.0,176.3000030517578,176.3000030517578,176.60000228881836,182.0,173.39999389648438,0,,0.0,0.0, , ,0.0,0.0, , ,63.333303663503436
219,2021-06-22 09:00:00+02:00,179.60000610351562,179.60000610351562,176.1999969482422,176.8000030517578,176.8000030517578,4384.0,176.3000030517578,176.3000030517578,176.60000228881836,182.0,173.39999389648438,0,,0.0,0.0, , ,0.0,0.0, , ,52.7777866080899
220,2021-06-22 10:00:00+02:00,176.60000610351562,177.1999969482422,176.1999969482422,176.8000030517578,176.8000030517578,4832.0,176.8000030517578,176.3000030517578,176.45000076293945,182.0,173.39999389648438,0,1.0,0.0,0.0, , ,0.0,0.0, , ,52.7777866080899
221,2021-06-22 11:00:00+02:00,177.0,177.1999969482422,176.0,176.39999389648438,176.39999389648438,10977.0,177.4000015258789,176.3000030517578,176.45000076293945,182.0,172.8000030517578,0,,0.0,0.0, , ,0.0,0.0, ,Close,49.29573227080673
222,2021-06-22 12:00:00+02:00,176.8000030517578,176.8000030517578,176.0,176.8000030517578,176.8000030517578,15236.0,177.70000457763672,176.3000030517578,176.39999771118164,182.0,172.60000610351562,0,,0.0,0.0, , ,0.0,0.0, , ,49.29578675561162
223,2021-06-22 13:00:00+02:00,176.60000610351562,178.39999389648438,176.39999389648438,178.39999389648438,178.39999389648438,9225.0,177.9000015258789,176.3000030517578,176.04999923706055,181.0999984741211,173.1999969482422,0,,0.0,0.0, , ,0.0,0.0, , ,57.3333157009728
224,2021-06-22 14:00:00+02:00,177.1999969482422,179.1999969482422,177.1999969482422,179.1999969482422,179.1999969482422,6074.0,177.9000015258789,176.3000030517578,176.04999923706055,180.70000457763672,173.0,0,,0.0,0.0, , ,0.0,0.0, , ,58.97435646634317
225,2021-06-22 15:00:00+02:00,178.1999969482422,180.3999938964844,178.1999969482422,179.0,179.0,17061.0,178.1999969482422,176.5999984741211,176.04999923706055,180.0999984741211,172.8000030517578,0,,0.0,0.0, , ,0.0,0.0, , ,65.71422966171339
226,2021-06-22 16:00:00+02:00,179.39999389648438,180.6000061035156,179.39999389648438,180.1999969482422,180.1999969482422,554.0,178.3000030517578,176.70000457763672,176.35000228881836,180.0999984741211,171.0,0,,0.0,0.0, , ,0.0,0.0, , ,63.076868903834644
227,2021-06-23 09:00:00+02:00,182.1999969482422,182.1999969482422,179.0,179.0,179.0,1132.0,179.0999984741211,177.5,176.35000228881836,180.0999984741211,169.8000030517578,0,,0.0,0.0, , ,0.0,0.0, , ,61.19400945587713
228,2021-06-23 10:00:00+02:00,180.0,180.0,178.0,179.1999969482422,179.1999969482422,13909.0,179.0999984741211,177.5,176.35000228881836,180.0999984741211,170.1999969482422,0,,0.0,0.0, , ,0.0,0.0, , ,59.999953049934916
229,2021-06-23 11:00:00+02:00,179.1999969482422,179.1999969482422,178.1999969482422,178.39999389648438,178.39999389648438,1594.0,179.0999984741211,177.5,176.45000076293945,180.0999984741211,170.0,0,,0.0,0.0, , ,0.0,0.0, , ,58.20893822813696
230,2021-06-23 12:00:00+02:00,178.39999389648438,178.60000610351562,178.0,178.0,178.0,4187.0,179.0999984741211,177.5,176.45000076293945,180.0999984741211,170.1999969482422,0,,0.0,0.0, , ,0.0,0.0, , ,55.88237274063435
231,2021-06-23 13:00:00+02:00,178.0,178.1999969482422,176.39999389648438,176.39999389648438,176.39999389648438,25052.0,179.29999542236328,177.5,176.29999923706055,180.0999984741211,169.60000610351562,0,,0.0,0.0, , ,0.0,0.0, , ,36.66661580403646
232,2021-06-23 14:00:00+02:00,177.0,177.0,176.39999389648438,176.60000610351562,176.60000610351562,3056.0,179.29999542236328,177.5,175.8499984741211,180.0999984741211,170.39999389648438,0,,0.0,0.0, , ,0.0,0.0, , ,36.666696336496564
233,2021-06-23 15:00:00+02:00,176.60000610351562,178.0,176.39999389648438,177.0,177.0,12532.0,179.29999542236328,177.5,175.8000030517578,180.0999984741211,171.1999969482422,0,,0.0,0.0, , ,0.0,0.0, , ,51.063812518363285
234,2021-06-23 16:00:00+02:00,177.0,177.39999389648438,177.0,177.1999969482422,177.1999969482422,802.0,179.29999542236328,177.5,175.8000030517578,180.0999984741211,170.0,0,,0.0,0.0, , ,0.0,0.0, , ,52.083300219662846
235,2021-06-24 09:00:00+02:00,177.39999389648438,177.39999389648438,173.8000030517578,173.8000030517578,173.8000030517578,7062.0,178.0,177.5,175.9000015258789,180.0999984741211,170.1999969482422,0,,0.0,0.0, , ,0.0,0.0, , ,39.68256851625124
236,2021-06-24 10:00:00+02:00,175.60000610351562,175.60000610351562,173.0,173.0,173.0,11147.0,176.5,177.5,176.10000228881836,180.0999984741211,171.0,-1,-1.0,0.0,0.0, , ,0.0,0.0, , ,35.384586492199816
237,2021-06-24 11:00:00+02:00,174.0,174.1999969482422,172.8000030517578,174.0,174.0,23495.0,176.0,177.5,175.9000015258789,180.0999984741211,171.1999969482422,-1,,0.0,0.0, ,Close,-1.0,-1.0,Sell, ,32.25808039416917
238,2021-06-24 12:00:00+02:00,173.1999969482422,174.1999969482422,173.0,174.0,174.0,18056.0,175.70000457763672,177.5,175.9000015258789,180.0999984741211,171.60000610351562,-1,,0.0,0.0, , ,-1.0,0.0, , ,27.586202360641764
239,2021-06-24 13:00:00+02:00,174.0,174.1999969482422,173.39999389648438,174.1999969482422,174.1999969482422,18674.0,175.5,177.5,175.9000015258789,180.0999984741211,171.0,-1,,0.0,0.0, , ,-1.0,0.0, , ,29.31031534417147
240,2021-06-24 14:00:00+02:00,174.0,174.1999969482422,174.0,174.0,174.0,6070.0,175.4000015258789,177.5,175.9000015258789,180.0999984741211,171.0,-1,,0.0,0.0, , ,-1.0,0.0, , ,20.754706116908338
241,2021-06-24 15:00:00+02:00,174.0,175.60000610351562,174.0,175.1999969482422,175.1999969482422,6479.0,175.4000015258789,177.5,175.9000015258789,180.0999984741211,173.1999969482422,-1,,0.0,0.0, , ,-1.0,0.0, , ,32.07544182149793
242,2021-06-24 16:00:00+02:00,175.0,175.0,174.0,174.0,174.0,2785.0,175.0999984741211,177.5,175.9000015258789,180.0999984741211,171.8000030517578,-1,,0.0,0.0, , ,-1.0,0.0, , ,27.586202360641764
243,2021-06-25 09:00:00+02:00,173.1999969482422,174.0,172.0,174.0,174.0,5982.0,174.6999969482422,177.0999984741211,176.20000457763672,180.0999984741211,173.0,-1,,0.0,0.0, , ,-1.0,0.0, , ,29.629634862416438
244,2021-06-25 10:00:00+02:00,173.8000030517578,174.1999969482422,173.39999389648438,173.39999389648438,173.39999389648438,6233.0,173.8000030517578,177.0999984741211,176.3000030517578,180.0999984741211,172.39999389648438,-1,,0.0,0.0, , ,-1.0,0.0, , ,29.09088134765625
245,2021-06-25 11:00:00+02:00,174.0,174.0,173.39999389648438,173.39999389648438,173.39999389648438,1091.0,173.8000030517578,177.0999984741211,176.3000030517578,180.0999984741211,171.8000030517578,-1,,0.0,0.0, , ,-1.0,0.0, , ,34.0425428301501
246,2021-06-25 12:00:00+02:00,173.39999389648438,174.0,173.1999969482422,173.39999389648438,173.39999389648438,5938.0,173.8000030517578,177.0999984741211,176.5500030517578,180.0999984741211,171.39999389648438,-1,,0.0,0.0, , ,-1.0,0.0, , ,32.60859469590169
247,2021-06-25 13:00:00+02:00,173.60000610351562,174.0,172.39999389648438,172.8000030517578,172.8000030517578,36925.0,173.8000030517578,177.0999984741211,176.85000228881836,180.0999984741211,172.60000610351562,-1,,0.0,0.0, , ,-1.0,0.0, , ,27.65953993023146
248,2021-06-25 14:00:00+02:00,172.60000610351562,173.60000610351562,172.39999389648438,172.60000610351562,172.60000610351562,4926.0,173.8000030517578,177.0999984741211,177.00000381469727,180.0999984741211,171.39999389648438,-1,,0.0,0.0, , ,-1.0,0.0, , ,25.531907986046292
249,2021-06-25 15:00:00+02:00,172.8000030517578,174.0,172.60000610351562,173.1999969482422,173.1999969482422,4702.0,173.8000030517578,177.0999984741211,177.10000228881836,180.0999984741211,172.0,-1,,0.0,0.0, , ,-1.0,0.0, , ,45.45448240146485
250,2021-06-25 16:00:00+02:00,173.0,173.0,173.0,173.0,173.0,89.0,173.5,177.0999984741211,177.10000228881836,180.0999984741211,172.0,-1,,0.0,0.0, , ,-1.0,0.0, , ,50.0
251,2021-06-28 09:00:00+02:00,176.8000030517578,176.8000030517578,172.0,172.8000030517578,172.8000030517578,3191.0,174.4000015258789,177.0999984741211,177.39999771118164,180.0999984741211,172.8000030517578,-1,,0.0,0.0, , ,-1.0,0.0, , ,38.461493316900686
252,2021-06-28 10:00:00+02:00,173.39999389648438,173.39999389648438,170.60000610351562,171.0,171.0,8044.0,173.70000457763672,176.4000015258789,177.50000381469727,180.0,172.60000610351562,-1,,0.0,0.0, , ,-1.0,0.0, , ,28.571335149863756
253,2021-06-28 11:00:00+02:00,171.0,171.39999389648438,169.8000030517578,169.8000030517578,169.8000030517578,28454.0,173.3000030517578,174.9000015258789,178.29999923706055,180.0,172.8000030517578,-1,,0.0,0.0, , ,-1.0,0.0, , ,22.499933242543193
254,2021-06-28 12:00:00+02:00,170.0,170.1999969482422,169.1999969482422,170.1999969482422,170.1999969482422,10637.0,173.0,174.1999969482422,178.29999923706055,179.29999542236328,171.0,-1,,0.0,0.0, , ,-1.0,0.0, , ,26.829154827100467
255,2021-06-28 13:00:00+02:00,169.8000030517578,170.60000610351562,169.60000610351562,170.0,170.0,6440.0,173.0,173.9000015258789,178.29999923706055,179.29999542236328,172.0,-1,,0.0,0.0, , ,-1.0,0.0, , ,13.888741716240304
256,2021-06-28 14:00:00+02:00,170.39999389648438,171.0,170.0,170.1999969482422,170.1999969482422,3574.0,173.0,173.6999969482422,178.29999923706055,179.29999542236328,172.60000610351562,-1,,0.0,0.0, , ,-1.0,0.0, , ,19.354648172257896
257,2021-06-28 15:00:00+02:00,171.0,171.0,169.39999389648438,169.60000610351562,169.60000610351562,3433.0,173.0,173.5999984741211,178.39999771118164,179.1999969482422,174.1999969482422,-1,,0.0,0.0, , ,-1.0,0.0, , ,17.646900426799988
258,2021-06-28 16:00:00+02:00,169.8000030517578,170.39999389648438,169.60000610351562,170.39999389648438,170.39999389648438,699.0,173.0,173.5999984741211,178.39999771118164,178.5,173.60000610351562,-1,,0.0,0.0, , ,-1.0,0.0, , ,28.571241727484377
259,2021-06-29 09:00:00+02:00,171.8000030517578,171.8000030517578,170.0,171.1999969482422,171.1999969482422,8719.0,173.0,173.29999542236328,178.39999771118164,178.0,174.0,-1,,0.0,0.0, , ,-1.0,0.0, , ,35.897350624147805
260,2021-06-29 10:00:00+02:00,170.8000030517578,171.1999969482422,170.0,170.0,170.0,10959.0,171.29999542236328,173.29999542236328,178.39999771118164,178.0,175.8000030517578,-1,,0.0,0.0, , ,-1.0,0.0, , ,31.111016920416404
261,2021-06-29 11:00:00+02:00,170.1999969482422,170.39999389648438,170.0,170.1999969482422,170.1999969482422,7726.0,170.5,173.0,177.75,177.5999984741211,176.39999389648438,-1,,0.0,0.0, , ,-1.0,0.0, , ,34.883588890111184
262,2021-06-29 12:00:00+02:00,170.0,171.1999969482422,170.0,171.0,171.0,60106.0,170.5,173.0,177.0,177.5999984741211,175.60000610351562,-1,,0.0,0.0, , ,-1.0,0.0, , ,41.30426850303851
263,2021-06-29 13:00:00+02:00,170.39999389648438,171.1999969482422,170.39999389648438,171.1999969482422,171.1999969482422,1047.0,170.5999984741211,173.0,176.75,177.5999984741211,174.60000610351562,-1,,0.0,0.0, , ,-1.0,0.0, , ,38.636308464854324
264,2021-06-29 14:00:00+02:00,171.1999969482422,172.39999389648438,171.1999969482422,171.60000610351562,171.60000610351562,4004.0,170.89999389648438,173.0,176.60000228881836,177.5999984741211,174.60000610351562,-1,,0.0,0.0, , ,-1.0,0.0, , ,42.22222975745225
265,2021-06-29 15:00:00+02:00,171.60000610351562,172.39999389648438,171.0,171.0,171.0,5228.0,170.89999389648438,173.0,176.5,177.0999984741211,173.1999969482422,-1,,0.0,0.0, , ,-1.0,0.0, , ,40.425493923254606
266,2021-06-29 16:00:00+02:00,171.39999389648438,171.39999389648438,170.60000610351562,171.0,171.0,2436.0,171.0,173.0,176.45000076293945,176.5999984741211,174.0,-1,,0.0,0.0, , ,-1.0,0.0, , ,50.0
267,2021-06-30 09:00:00+02:00,171.0,175.1999969482422,170.8000030517578,173.1999969482422,173.1999969482422,20119.0,172.5999984741211,173.0,176.45000076293945,176.5999984741211,173.8000030517578,-1,,0.0,0.0, , ,-1.0,0.0, , ,69.76746249166086
268,2021-06-30 10:00:00+02:00,173.0,175.1999969482422,171.8000030517578,171.8000030517578,171.8000030517578,4473.0,172.5999984741211,173.0,176.29999923706055,176.5999984741211,174.0,-1,,0.0,0.0, , ,-1.0,0.0, , ,58.33338631537454
269,2021-06-30 11:00:00+02:00,172.0,173.0,171.8000030517578,173.0,173.0,2284.0,172.5999984741211,173.0,175.89999771118164,176.5999984741211,173.0,-1,,0.0,0.0, , ,-1.0,0.0, , ,64.15097598894455
270,2021-06-30 12:00:00+02:00,172.60000610351562,173.0,172.0,172.39999389648438,172.39999389648438,7680.0,172.5999984741211,173.0,175.45000076293945,176.5999984741211,172.8000030517578,-1,,0.0,0.0, , ,-1.0,0.0, , ,60.0
271,2021-06-30 13:00:00+02:00,172.60000610351562,172.60000610351562,171.8000030517578,171.8000030517578,171.8000030517578,4099.0,172.79999542236328,173.0,175.45000076293945,176.5999984741211,174.0,-1,,0.0,0.0, , ,-1.0,0.0, , ,60.0
272,2021-06-30 14:00:00+02:00,172.1999969482422,172.1999969482422,171.0,171.39999389648438,171.39999389648438,6407.0,172.9000015258789,173.0,175.45000076293945,176.5999984741211,172.60000610351562,-1,,0.0,0.0, , ,-1.0,0.0, , ,54.716978416023444
273,2021-06-30 15:00:00+02:00,171.60000610351562,172.60000610351562,171.39999389648438,172.60000610351562,172.60000610351562,2271.0,172.9000015258789,173.0,175.45000076293945,176.5999984741211,172.60000610351562,-1,,0.0,0.0, , ,-1.0,0.0, , ,56.36366915107152
274,2021-06-30 16:00:00+02:00,172.39999389648438,172.39999389648438,171.39999389648438,171.39999389648438,171.39999389648438,6265.0,172.9000015258789,173.0,175.45000076293945,176.5999984741211,172.8000030517578,-1,,0.0,0.0, , ,-1.0,0.0, , ,56.36359096571221
275,2021-07-01 09:00:00+02:00,172.39999389648438,173.60000610351562,171.8000030517578,172.0,172.0,1926.0,173.0,173.0,175.45000076293945,176.5999984741211,172.39999389648438,-1,,0.0,0.0, , ,-1.0,0.0, , ,57.894722752783046
276,2021-07-01 10:00:00+02:00,172.0,172.0,172.0,172.0,172.0,5.0,173.0999984741211,173.0,175.29999923706055,176.5999984741211,173.0,-1,1.0,0.0,0.0, , ,-1.0,0.0, , ,54.716964835810245
277,2021-07-01 11:00:00+02:00,172.0,173.39999389648438,172.0,172.8000030517578,172.8000030517578,761.0,172.3000030517578,172.1999969482422,175.75,176.5999984741211,173.8000030517578,-1,,0.0,0.0, , ,0.0,1.0, ,Close,57.142857142857146
278,2021-07-01 12:00:00+02:00,172.8000030517578,173.39999389648438,172.60000610351562,172.60000610351562,172.60000610351562,2312.0,172.3000030517578,172.1999969482422,175.0500030517578,177.20000457763672,173.8000030517578,-1,,0.0,0.0, , ,0.0,0.0, , ,54.54544193492006
279,2021-07-01 13:00:00+02:00,173.0,173.1999969482422,172.60000610351562,172.8000030517578,172.8000030517578,1145.0,172.3000030517578,172.1999969482422,174.10000228881836,177.4000015258789,173.1999969482422,-1,,0.0,0.0, , ,0.0,0.0, , ,58.49056332168774
280,2021-07-01 14:00:00+02:00,173.0,173.1999969482422,170.60000610351562,171.0,171.0,8082.0,172.10000610351562,172.29999542236328,173.5999984741211,177.4000015258789,172.1999969482422,-1,-1.0,0.0,0.0, , ,0.0,0.0, , ,50.0
281,2021-07-01 15:00:00+02:00,172.39999389648438,172.39999389648438,170.60000610351562,172.0,172.0,13265.0,172.10000610351562,172.29999542236328,173.45000076293945,177.5,172.39999389648438,-1,,0.0,0.0, ,Close,-1.0,-1.0,Sell, ,44.6428839040606
282,2021-07-01 16:00:00+02:00,171.8000030517578,172.60000610351562,171.8000030517578,172.60000610351562,172.60000610351562,1234.0,172.10000610351562,172.29999542236328,173.3499984741211,177.5,173.1999969482422,-1,,0.0,0.0, , ,-1.0,0.0, , ,53.846153846153854
283,2021-07-02 09:00:00+02:00,174.0,174.39999389648438,172.39999389648438,174.1999969482422,174.1999969482422,2716.0,172.5,172.4000015258789,173.29999923706055,177.5,173.1999969482422,0,1.0,0.0,0.0, , ,-1.0,0.0, , ,55.555524158967835
284,2021-07-02 10:00:00+02:00,173.0,174.39999389648438,172.8000030517578,173.60000610351562,173.60000610351562,14373.0,172.5,172.5999984741211,173.29999923706055,177.5,172.0,0,-1.0,0.0,0.0, , ,0.0,1.0, ,Close,55.55560265050369
285,2021-07-02 11:00:00+02:00,173.8000030517578,174.1999969482422,173.0,174.0,174.0,4359.0,172.5,172.5999984741211,173.14999771118164,177.5,172.0,0,,0.0,0.0, ,Close,0.0,0.0, , ,60.37732318194054
286,2021-07-08 09:00:00+02:00,178.8000030517578,178.8000030517578,175.8000030517578,175.8000030517578,175.8000030517578,6135.0,174.70000457763672,174.4000015258789,172.29999542236328,177.5,172.60000610351562,0,1.0,0.0,0.0, , ,0.0,0.0, , ,68.33334816824828
287,2021-07-08 10:00:00+02:00,176.0,177.1999969482422,175.60000610351562,176.39999389648438,176.39999389648438,3696.0,174.70000457763672,174.4000015258789,171.75,177.5,172.60000610351562,0,,0.0,0.0, , ,0.0,0.0, ,Close,66.66662205030049
288,2021-07-08 11:00:00+02:00,177.0,177.0,175.0,175.60000610351562,175.60000610351562,5442.0,174.70000457763672,174.5999984741211,171.75,177.5,173.0,0,,0.0,0.0, , ,0.0,0.0, , ,69.09101754210744
289,2021-07-08 12:00:00+02:00,175.60000610351562,175.60000610351562,174.60000610351562,174.60000610351562,174.60000610351562,3439.0,174.70000457763672,174.70000457763672,171.79999923706055,177.5,172.1999969482422,0,,0.0,0.0, , ,0.0,0.0, , ,61.40357217430412
290,2021-07-08 13:00:00+02:00,174.60000610351562,174.60000610351562,174.60000610351562,174.60000610351562,174.60000610351562,1044.0,175.3000030517578,174.70000457763672,171.9499969482422,177.5,171.60000610351562,0,1.0,0.0,0.0, , ,0.0,0.0, , ,61.40357217430412
291,2021-07-08 14:00:00+02:00,174.39999389648438,174.39999389648438,173.1999969482422,173.1999969482422,173.1999969482422,762.0,175.5999984741211,174.70000457763672,171.9499969482422,177.5,171.1999969482422,0,,0.0,0.0, , ,0.0,0.0, ,Close,51.66664547385018
292,2021-07-08 15:00:00+02:00,174.39999389648438,174.39999389648438,173.1999969482422,174.0,174.0,3044.0,175.8000030517578,174.70000457763672,172.0,177.5,171.1999969482422,0,,0.0,0.0, , ,0.0,0.0, , ,55.555542099807205
293,2021-07-08 16:00:00+02:00,174.1999969482422,174.1999969482422,173.60000610351562,173.8000030517578,173.8000030517578,401.0,175.9000015258789,174.70000457763672,172.79999923706055,177.5,170.60000610351562,0,,0.0,0.0, , ,0.0,0.0, , ,53.968261657253024
294,2021-07-09 09:00:00+02:00,174.1999969482422,174.60000610351562,173.60000610351562,174.0,174.0,887.0,176.0,174.70000457763672,172.79999923706055,177.5,170.39999389648438,0,,0.0,0.0, , ,0.0,0.0, , ,63.63640146817701
295,2021-07-09 10:00:00+02:00,174.60000610351562,174.60000610351562,173.0,173.0,173.0,2900.0,175.0999984741211,174.70000457763672,172.79999923706055,177.0999984741211,171.0,0,,0.0,0.0, , ,0.0,0.0, , ,54.545467156059
296,2021-07-09 11:00:00+02:00,173.60000610351562,173.60000610351562,172.60000610351562,172.8000030517578,172.8000030517578,2073.0,174.8000030517578,174.70000457763672,172.79999923706055,177.0999984741211,170.8000030517578,0,,0.0,0.0, , ,0.0,0.0, , ,50.94338536216008
297,2021-07-09 12:00:00+02:00,172.60000610351562,174.0,172.60000610351562,174.0,174.0,1360.0,174.10000610351562,174.70000457763672,172.89999771118164,177.0999984741211,170.39999389648438,0,-1.0,0.0,0.0, , ,0.0,0.0, , ,49.01961957619322
298,2021-07-09 13:00:00+02:00,173.0,174.0,172.60000610351562,172.60000610351562,172.60000610351562,3247.0,173.60000610351562,174.70000457763672,172.95000076293945,177.0999984741211,171.0,0,,0.0,0.0, ,Close,0.0,0.0, , ,45.454532843941
299,2021-07-09 14:00:00+02:00,173.0,173.1999969482422,172.39999389648438,172.60000610351562,172.60000610351562,3715.0,173.5,174.70000457763672,172.95000076293945,177.0999984741211,169.39999389648438,0,,0.0,0.0, , ,0.0,0.0, , ,43.39623999539356
300,2021-07-09 15:00:00+02:00,173.1999969482422,173.1999969482422,172.1999969482422,172.8000030517578,172.8000030517578,1703.0,173.4000015258789,174.70000457763672,172.95000076293945,177.0999984741211,169.60000610351562,0,,0.0,0.0, , ,0.0,0.0, , ,33.333276819108136
301,2021-07-09 16:00:00+02:00,172.39999389648438,173.0,172.1999969482422,172.39999389648438,172.39999389648438,2025.0,173.4000015258789,174.70000457763672,173.0,177.0999984741211,170.8000030517578,0,,0.0,0.0, , ,0.0,0.0, , ,27.272695746259856
302,2021-07-12 09:00:00+02:00,174.0,174.0,172.0,173.0,173.0,2553.0,173.3000030517578,174.70000457763672,173.04999923706055,177.0999984741211,170.0,0,,0.0,0.0, , ,0.0,0.0, , ,34.88369617288549
303,2021-07-12 10:00:00+02:00,172.39999389648438,174.60000610351562,172.39999389648438,173.8000030517578,173.8000030517578,3933.0,173.3000030517578,174.70000457763672,172.25,177.0999984741211,170.1999969482422,0,,0.0,0.0, , ,0.0,0.0, , ,45.238082262948616
304,2021-07-12 11:00:00+02:00,173.60000610351562,174.60000610351562,173.60000610351562,173.8000030517578,173.8000030517578,8486.0,173.3000030517578,174.70000457763672,172.25,176.4000015258789,169.60000610351562,0,,0.0,0.0, , ,0.0,0.0, , ,45.238082262948616
305,2021-07-12 12:00:00+02:00,173.8000030517578,173.8000030517578,173.1999969482422,173.1999969482422,173.1999969482422,1481.0,173.3000030517578,174.70000457763672,172.25,176.0,170.0,0,,0.0,0.0, , ,0.0,0.0, , ,50.0
306,2021-07-12 13:00:00+02:00,172.60000610351562,172.60000610351562,171.8000030517578,172.1999969482422,172.1999969482422,4688.0,173.20000457763672,174.70000457763672,172.20000076293945,175.6999969482422,170.39999389648438,0,,0.0,0.0, , ,0.0,0.0, , ,38.4615234134289
307,2021-07-12 14:00:00+02:00,172.39999389648438,172.39999389648438,172.39999389648438,172.39999389648438,172.39999389648438,221.0,173.20000457763672,175.3000030517578,172.20000076293945,175.6999969482422,208.0,0,,0.0,0.0, , ,0.0,0.0, , ,41.02558584923931
308,2021-07-12 15:00:00+02:00,172.39999389648438,173.1999969482422,172.39999389648438,173.1999969482422,173.1999969482422,2610.0,173.20000457763672,175.3000030517578,172.20000076293945,175.6999969482422,208.0,0,,0.0,0.0, , ,0.0,0.0, , ,45.238082262948616
309,2021-07-12 16:00:00+02:00,173.1999969482422,174.0,173.1999969482422,173.1999969482422,173.1999969482422,1903.0,173.20000457763672,175.3000030517578,172.45000076293945,175.6999969482422,208.5,0,,0.0,0.0, , ,0.0,0.0, , ,51.351329059503016
310,2021-07-13 09:00:00+02:00,173.0,173.0,170.1999969482422,172.0,172.0,13795.0,172.4000015258789,174.5,172.54999923706055,175.6999969482422,208.0,0,,0.0,0.0, , ,0.0,0.0, , ,45.238082262948616
311,2021-07-13 10:00:00+02:00,172.0,172.0,172.0,172.0,172.0,52.0,172.4000015258789,174.5,172.54999923706055,175.6999969482422,208.5,-1,,0.0,0.0, , ,0.0,0.0, , ,36.11113465858517
312,2021-07-13 11:00:00+02:00,172.0,172.60000610351562,172.0,172.60000610351562,172.60000610351562,906.0,172.4000015258789,173.6999969482422,174.5500030517578,175.6999969482422,208.5,-1,,0.0,0.0, , ,0.0,0.0, , ,50.0
313,2021-07-13 12:00:00+02:00,172.1999969482422,172.8000030517578,172.0,172.60000610351562,172.60000610351562,1474.0,172.0999984741211,173.5999984741211,174.5500030517578,175.6999969482422,208.5,-1,,0.0,0.0, , ,0.0,0.0, , ,50.0
314,2021-07-13 13:00:00+02:00,173.0,173.0,173.0,173.0,173.0,6.0,172.0999984741211,172.9000015258789,174.6500015258789,175.6999969482422,208.5,-1,,0.0,0.0, , ,0.0,0.0, , ,51.5151234917545
315,2021-07-13 14:00:00+02:00,173.0,173.0,172.1999969482422,172.1999969482422,172.1999969482422,1823.0,172.0999984741211,172.4000015258789,174.70000457763672,175.6999969482422,209.0,-1,,0.0,0.0, , ,0.0,0.0, , ,48.57145348368294
316,2021-07-13 15:00:00+02:00,172.1999969482422,172.1999969482422,171.60000610351562,171.60000610351562,171.60000610351562,2172.0,172.0999984741211,172.4000015258789,175.00000381469727,175.6999969482422,209.5,-1,,0.0,0.0, , ,0.0,0.0, , ,40.00004359654018
317,2021-07-13 16:00:00+02:00,171.60000610351562,171.60000610351562,171.1999969482422,171.1999969482422,171.1999969482422,703.0,172.0999984741211,172.4000015258789,175.1500015258789,175.6999969482422,209.0,-1,,0.0,0.0, , ,0.0,0.0, , ,30.303002279568503
318,2021-07-14 09:00:00+02:00,171.60000610351562,171.60000610351562,169.39999389648438,171.1999969482422,171.1999969482422,3536.0,171.1999969482422,172.0,175.25000381469727,175.6999969482422,209.0,-1,,0.0,0.0, , ,0.0,0.0, , ,30.303002279568503
319,2021-07-14 10:00:00+02:00,170.39999389648438,171.60000610351562,170.39999389648438,170.60000610351562,170.60000610351562,2894.0,171.1999969482422,172.0,175.3000030517578,175.6999969482422,209.0,-1,,0.0,0.0, , ,0.0,0.0, , ,30.30307233832019
320,2021-07-14 11:00:00+02:00,171.60000610351562,171.60000610351562,170.39999389648438,170.39999389648438,170.39999389648438,793.0,171.1999969482422,172.0,175.35000228881836,175.6999969482422,209.5,-1,,0.0,0.0, , ,0.0,0.0, , ,34.482740477073676
321,2021-07-14 13:00:00+02:00,170.8000030517578,171.0,170.8000030517578,171.0,171.0,1981.0,171.1999969482422,172.0,174.9000015258789,175.6999969482422,209.5,-1,,0.0,0.0, , ,0.0,0.0, , ,38.70974887035961
322,2021-07-14 14:00:00+02:00,171.0,171.39999389648438,170.8000030517578,170.8000030517578,170.8000030517578,802.0,171.1999969482422,172.0,174.75000381469727,175.6999969482422,209.5,-1,,0.0,0.0, , ,0.0,0.0, , ,28.57150642230833
323,2021-07-14 15:00:00+02:00,171.0,171.0,170.0,170.39999389648438,170.39999389648438,7593.0,171.1999969482422,172.0,174.40000534057617,175.6999969482422,209.5,-1,,0.0,0.0, , ,0.0,0.0, , ,26.666700575000576
324,2021-07-14 16:00:00+02:00,170.39999389648438,171.0,170.39999389648438,171.0,171.0,419.0,170.79999542236328,172.0,174.15000534057617,175.6999969482422,209.5,-1,,0.0,0.0, , ,0.0,0.0, , ,40.74078260279856
325,2021-07-15 09:00:00+02:00,170.39999389648438,170.8000030517578,169.0,169.39999389648438,169.39999389648438,1408.0,170.3000030517578,171.8000030517578,174.10000228881836,175.6999969482422,209.0,-1,,0.0,0.0, , ,0.0,0.0, , ,31.42860879687153
326,2021-07-15 10:00:00+02:00,169.8000030517578,169.8000030517578,169.39999389648438,169.60000610351562,169.60000610351562,1157.0,170.3000030517578,171.8000030517578,174.0500030517578,175.6999969482422,208.5,-1,,0.0,0.0, , ,0.0,0.0, , ,27.272853377722285
327,2021-07-15 11:00:00+02:00,169.39999389648438,170.8000030517578,169.39999389648438,170.8000030517578,170.8000030517578,3056.0,170.3000030517578,171.8000030517578,174.0500030517578,175.6999969482422,209.5,-1,,0.0,0.0, , ,0.0,0.0, , ,38.46156855763983
328,2021-07-15 12:00:00+02:00,169.8000030517578,171.0,169.8000030517578,170.0,170.0,2725.0,170.3000030517578,171.8000030517578,174.00000381469727,175.6999969482422,209.5,-1,,0.0,0.0, , ,0.0,0.0, , ,31.707412383373224
329,2021-07-15 13:00:00+02:00,170.39999389648438,170.39999389648438,170.1999969482422,170.1999969482422,170.1999969482422,674.0,170.1999969482422,171.8000030517578,174.00000381469727,175.6999969482422,209.5,-1,,0.0,0.0, , ,0.0,0.0, , ,36.84216866502301
330,2021-07-15 14:00:00+02:00,170.1999969482422,170.39999389648438,169.60000610351562,169.60000610351562,169.60000610351562,5537.0,170.1999969482422,171.5,174.00000381469727,175.6999969482422,209.0,-1,,0.0,0.0, , ,0.0,0.0, , ,36.84216866502301
331,2021-07-15 15:00:00+02:00,170.1999969482422,170.1999969482422,169.60000610351562,170.0,170.0,4172.0,170.0,171.5,174.00000381469727,174.5999984741211,209.0,-1,,0.0,0.0, , ,0.0,0.0, , ,42.105305425889675
332,2021-07-15 16:00:00+02:00,169.8000030517578,170.39999389648438,169.8000030517578,170.39999389648438,170.39999389648438,806.0,170.0,171.5,173.95000457763672,174.1999969482422,209.5,-1,,0.0,0.0, , ,0.0,0.0, , ,44.999990463275026
333,2021-07-16 09:00:00+02:00,208.0,209.0,208.0,208.0,208.0,108202.0,189.0,189.0,174.25000381469727,173.9000015258789,209.0,1,,0.0,0.0, , ,0.0,0.0, , ,91.5555205922305
334,2021-07-16 10:00:00+02:00,208.0,209.0,208.0,208.0,208.0,189627.0,189.1999969482422,189.0,174.25000381469727,173.6999969482422,209.5,1,1.0,0.0,0.0, , ,0.0,0.0, , ,91.9642753747087
335,2021-07-16 11:00:00+02:00,208.0,209.0,208.0,208.5,208.5,341956.0,189.1999969482422,189.0,174.25000381469727,173.5999984741211,209.0,1,,1.0,1.0,Buy, ,0.0,0.0, ,Close,91.94629726980399
336,2021-07-16 12:00:00+02:00,209.0,209.0,208.0,208.0,208.0,251577.0,189.3000030517578,189.0,173.45000076293945,173.5999984741211,210.0,1,,1.0,0.0, , ,0.0,0.0, , ,91.3333159270169
337,2021-07-16 13:00:00+02:00,208.0,208.5,208.0,208.5,208.5,195437.0,189.3000030517578,189.0,173.45000076293945,173.29999542236328,210.0,1,,1.0,0.0, , ,0.0,0.0, , ,92.23946889947945
338,2021-07-16 14:00:00+02:00,208.0,208.5,208.0,208.5,208.5,98911.0,189.3000030517578,189.0,173.04999923706055,174.0,209.5,1,,1.0,0.0, , ,0.0,0.0, , ,92.13483146067415
339,2021-07-16 15:00:00+02:00,208.0,208.5,208.0,208.5,208.5,133242.0,189.3000030517578,189.0,172.8499984741211,174.0,210.0,1,,1.0,0.0, , ,0.0,0.0, , ,95.57110916829274
340,2021-07-16 16:00:00+02:00,208.5,208.5,208.5,208.5,208.5,4916.0,189.4000015258789,189.0,172.5,174.0,209.5,1,,1.0,0.0, , ,0.0,0.0, , ,95.55036367391776
341,2021-07-19 09:00:00+02:00,208.5,209.0,208.5,209.0,209.0,35143.0,208.5,189.0,172.25,174.0,209.5,1,,1.0,0.0, , ,0.0,0.0, , ,95.47620336485485
342,2021-07-19 10:00:00+02:00,208.5,209.5,208.5,209.5,209.5,35837.0,208.75,189.25,172.25,174.0,210.5,1,,1.0,0.0, , ,0.0,0.0, , ,97.36213110854968
343,2021-07-19 11:00:00+02:00,209.0,209.5,209.0,209.0,209.0,12723.0,208.75,189.25,172.25,174.0,210.0,1,,1.0,0.0, , ,0.0,0.0, , ,96.19049660473655
344,2021-07-19 12:00:00+02:00,209.5,209.5,209.0,209.0,209.0,69677.0,208.75,189.25,171.5999984741211,174.0,210.5,1,,1.0,0.0, , ,0.0,0.0, , ,97.5845407066958
345,2021-07-19 13:00:00+02:00,209.5,209.5,209.0,209.0,209.0,18726.0,208.75,189.25,171.5999984741211,174.0,210.5,1,,1.0,0.0, , ,0.0,0.0, , ,97.5609756097561
346,2021-07-19 14:00:00+02:00,209.0,209.5,209.0,209.5,209.5,20381.0,208.75,189.25,171.5999984741211,174.0,211.0,1,,1.0,0.0, , ,0.0,0.0, , ,97.56691033699272
347,2021-07-19 15:00:00+02:00,209.5,209.5,209.0,209.5,209.5,21004.0,208.75,189.25,171.5999984741211,174.0,214.0,1,,1.0,0.0, , ,0.0,0.0, , ,71.42857142857143
348,2021-07-19 16:00:00+02:00,209.5,209.5,209.0,209.5,209.5,35766.0,209.0,189.25,171.5999984741211,174.0,214.0,1,,1.0,0.0, , ,0.0,0.0, , ,71.42857142857143
349,2021-07-20 09:00:00+02:00,209.0,209.5,208.5,209.5,209.5,7245.0,209.0,189.25,171.5999984741211,174.0,214.5,1,,1.0,0.0, , ,0.0,0.0, , ,66.66666666666666
350,2021-07-20 10:00:00+02:00,208.5,209.5,208.5,209.5,209.5,26133.0,209.0,189.25,171.39999771118164,174.0,215.5,1,,1.0,0.0, , ,0.0,0.0, , ,80.0
351,2021-07-20 11:00:00+02:00,209.0,209.5,208.5,209.0,209.0,34370.0,209.0,189.4499969482422,171.0500030517578,174.0,216.0,1,,1.0,0.0, , ,0.0,0.0, , ,60.0
352,2021-07-20 12:00:00+02:00,209.0,209.0,208.5,208.5,208.5,23470.0,209.0,189.4499969482422,171.0500030517578,174.0,215.5,1,,1.0,0.0, , ,0.0,0.0, , ,50.0
353,2021-07-20 13:00:00+02:00,209.0,209.5,208.5,209.5,209.5,81560.0,209.0,189.5500030517578,171.0500030517578,174.0,215.0,1,,1.0,0.0, , ,0.0,0.0, , ,62.50000000000001
354,2021-07-20 14:00:00+02:00,209.0,209.5,209.0,209.5,209.5,119083.0,209.0,189.5500030517578,171.0500030517578,174.0,215.0,1,,1.0,0.0, , ,0.0,0.0, , ,62.50000000000001
355,2021-07-20 15:00:00+02:00,209.0,209.5,209.0,209.5,209.5,14515.0,209.0,189.5500030517578,171.0,174.0,211.0,1,,1.0,0.0, , ,0.0,0.0, , ,57.14285714285714
356,2021-07-20 16:00:00+02:00,209.5,209.5,209.0,209.0,209.0,10663.0,209.0,189.5500030517578,170.8499984741211,174.0,211.0,1,,1.0,0.0, , ,0.0,0.0, , ,42.857142857142854
357,2021-07-21 09:00:00+02:00,209.0,209.5,209.0,209.0,209.0,23308.0,209.0,189.6500015258789,170.75,174.0,211.0,1,,1.0,0.0, , ,0.0,0.0, , ,50.0
358,2021-07-21 10:00:00+02:00,209.0,209.5,209.0,209.5,209.5,11372.0,209.0,208.75,170.75,174.0999984741211,210.5,1,,1.0,0.0, , ,0.0,0.0, , ,57.14285714285714
359,2021-07-21 11:00:00+02:00,209.0,209.5,209.0,209.0,209.0,2311.0,209.0,208.75,189.0,174.0999984741211,211.5,1,,1.0,0.0, , ,0.0,0.0, , ,50.0
360,2021-07-21 12:00:00+02:00,209.0,209.5,209.0,209.5,209.5,4077.0,209.0,208.75,189.0999984741211,174.0999984741211,212.0,1,,1.0,0.0, , ,0.0,0.0, , ,50.0
361,2021-07-21 13:00:00+02:00,209.0,209.5,209.0,209.0,209.0,2311.0,209.0,208.75,189.0999984741211,174.20000457763672,213.0,1,,1.0,0.0, , ,0.0,0.0, , ,44.444444444444436
362,2021-07-21 14:00:00+02:00,209.0,210.0,209.0,210.0,210.0,41863.0,209.5,209.0,189.1500015258789,174.4000015258789,212.5,1,,1.0,0.0, , ,0.0,0.0, , ,54.54545454545455
363,2021-07-21 15:00:00+02:00,209.0,210.0,209.0,210.0,210.0,41820.0,209.5,209.0,189.1500015258789,174.4000015258789,211.5,1,,1.0,0.0, , ,0.0,0.0, , ,54.54545454545455
364,2021-07-21 16:00:00+02:00,210.0,210.0,209.5,209.5,209.5,34734.0,209.5,209.0,189.1500015258789,174.4000015258789,211.0,1,,1.0,0.0, , ,0.0,0.0, , ,50.0
365,2021-07-22 09:00:00+02:00,209.0,210.5,209.0,210.0,210.0,21466.0,209.75,209.5,189.1500015258789,174.4000015258789,211.0,1,,1.0,0.0, , ,0.0,0.0, , ,58.33333333333333
366,2021-07-22 10:00:00+02:00,210.5,210.5,209.5,209.5,209.5,34700.0,209.75,209.5,189.20000076293945,174.5,211.0,1,,1.0,0.0, , ,0.0,0.0, , ,58.33333333333333
367,2021-07-22 11:00:00+02:00,209.5,210.0,209.5,209.5,209.5,46920.0,209.75,209.5,198.75,174.5,211.0,1,,1.0,0.0, , ,0.0,0.0, , ,50.0
368,2021-07-22 12:00:00+02:00,210.0,210.5,209.5,210.5,210.5,13538.0,209.75,209.5,199.0,174.5,211.0,1,,1.0,0.0, , ,0.0,0.0, , ,58.33333333333333
369,2021-07-22 13:00:00+02:00,210.0,210.5,210.0,210.0,210.0,124914.0,209.75,209.5,199.0,174.5,211.0,1,,1.0,0.0, , ,0.0,0.0, , ,53.846153846153854
370,2021-07-22 14:00:00+02:00,210.0,210.5,209.5,210.5,210.5,35068.0,209.75,209.5,199.0,174.0999984741211,211.5,1,,1.0,0.0, , ,0.0,0.0, , ,61.53846153846153
371,2021-07-22 15:00:00+02:00,210.5,211.0,210.0,210.5,210.5,42113.0,210.0,209.75,199.0,174.0999984741211,211.0,1,,1.0,0.0, , ,0.0,0.0, , ,61.53846153846153
372,2021-07-22 16:00:00+02:00,210.5,211.0,210.5,211.0,211.0,910.0,210.0,209.75,199.0,174.0999984741211,212.0,1,,1.0,0.0, , ,0.0,0.0, , ,61.53846153846153
373,2021-07-23 09:00:00+02:00,209.5,214.5,209.5,214.0,214.0,16826.0,211.75,211.5,199.0,174.0999984741211,211.0,1,,1.0,0.0, , ,0.0,0.0, , ,77.77777777777777
374,2021-07-23 10:00:00+02:00,213.5,214.5,213.5,214.0,214.0,18344.0,212.0,211.5,199.125,174.0999984741211,211.0,1,,1.0,0.0, , ,0.0,0.0, , ,76.47058823529412
375,2021-07-23 11:00:00+02:00,214.0,215.0,214.0,214.5,214.5,17682.0,212.25,211.75,199.125,174.0999984741211,211.0,1,,1.0,0.0, , ,0.0,0.0, , ,82.3529411764706
376,2021-07-23 12:00:00+02:00,214.5,216.0,214.5,215.5,215.5,9716.0,212.75,212.25,199.125,174.0999984741211,211.0,1,,1.0,0.0, , ,0.0,0.0, , ,82.3529411764706
377,2021-07-23 13:00:00+02:00,216.0,216.0,215.0,216.0,216.0,8846.0,212.75,212.25,199.2249984741211,173.9000015258789,211.0,1,,1.0,0.0, , ,0.0,0.0, , ,83.33333333333333
378,2021-07-23 14:00:00+02:00,216.0,216.0,215.0,215.5,215.5,5953.0,212.75,212.25,199.2249984741211,173.9000015258789,210.5,1,,1.0,0.0, , ,0.0,0.0, , ,83.33333333333333
379,2021-07-23 15:00:00+02:00,216.0,216.0,214.5,215.0,215.0,11115.0,212.75,212.5,199.2750015258789,173.9000015258789,210.5,1,,1.0,0.0, , ,0.0,0.0, , ,77.77777777777777
380,2021-07-23 16:00:00+02:00,215.0,215.0,214.0,215.0,215.0,6978.0,212.75,212.5,199.2750015258789,173.9000015258789,210.5,1,,1.0,0.0, , ,0.0,0.0, , ,82.3529411764706
381,2021-07-26 09:00:00+02:00,215.0,215.0,211.0,211.0,211.0,2533.0,212.75,212.5,199.2750015258789,173.9000015258789,211.0,1,,1.0,0.0, , ,0.0,0.0, , ,55.99999999999999
382,2021-07-26 10:00:00+02:00,212.0,212.0,211.0,211.0,211.0,3114.0,213.5,212.5,199.2750015258789,173.9000015258789,211.0,1,,1.0,0.0, , ,0.0,0.0, , ,52.17391304347826
383,2021-07-26 11:00:00+02:00,212.0,212.0,211.0,211.0,211.0,10811.0,213.5,212.5,199.32500076293945,173.9000015258789,211.0,1,,1.0,0.0, , ,0.0,0.0, , ,54.54545454545455
384,2021-07-26 12:00:00+02:00,212.0,212.0,210.5,210.5,210.5,6943.0,213.25,212.5,208.875,173.9000015258789,211.5,1,,1.0,0.0, , ,0.0,0.0, , ,50.0
385,2021-07-26 13:00:00+02:00,210.5,212.0,210.5,211.5,211.5,11550.0,213.25,212.5,208.875,189.0,211.5,1,,1.0,0.0, , ,0.0,0.0, , ,54.166666666666664
386,2021-07-26 14:00:00+02:00,211.5,212.5,211.0,212.0,212.0,6000.0,213.25,212.5,208.875,189.0,211.0,1,,1.0,0.0, , ,0.0,0.0, , ,54.166666666666664
387,2021-07-26 15:00:00+02:00,212.0,213.0,212.0,213.0,213.0,8050.0,213.25,212.5,208.875,189.0,211.0,1,,1.0,0.0, , ,0.0,0.0, , ,45.00000000000001
388,2021-07-26 16:00:00+02:00,213.0,213.5,212.5,212.5,212.5,15860.0,212.75,212.5,209.25,189.0,211.0,1,,1.0,0.0, , ,0.0,0.0, , ,42.857142857142854
389,2021-07-27 09:00:00+02:00,211.0,212.5,211.0,211.5,211.5,11056.0,212.75,212.5,209.25,189.0,210.5,1,,1.0,0.0, , ,0.0,0.0, , ,36.36363636363636
390,2021-07-27 10:00:00+02:00,212.0,212.0,211.0,211.0,211.0,9847.0,212.0,212.5,209.25,189.0,211.0,1,-1.0,1.0,0.0, , ,0.0,0.0, , ,28.57142857142857
391,2021-07-27 11:00:00+02:00,211.5,211.5,211.0,211.0,211.0,10815.0,212.0,212.75,209.625,189.0,211.0,1,,0.0,-1.0, ,Close,0.0,0.0, , ,25.000000000000014
392,2021-07-27 12:00:00+02:00,211.0,211.5,211.0,211.0,211.0,6563.0,212.0,212.75,209.625,189.0,210.5,1,,0.0,0.0, , ,0.0,0.0, , ,26.31578947368422
393,2021-07-27 13:00:00+02:00,211.0,211.5,211.0,211.0,211.0,3629.0,212.0,212.75,209.625,189.0,210.0,1,,0.0,0.0, , ,0.0,0.0, , ,27.77777777777777
394,2021-07-27 14:00:00+02:00,211.0,211.0,211.0,211.0,211.0,842.0,212.25,212.75,209.625,189.25,211.5,1,,0.0,0.0, , ,0.0,0.0, , ,27.77777777777777
395,2021-07-27 15:00:00+02:00,211.0,211.0,211.0,211.0,211.0,1037.0,212.25,212.75,209.625,189.25,211.0,1,,0.0,0.0, , ,0.0,0.0, , ,50.0
396,2021-07-27 16:00:00+02:00,211.0,211.5,211.0,211.5,211.5,3995.0,212.25,212.75,209.625,189.25,211.0,1,,0.0,0.0, , ,0.0,0.0, , ,54.54545454545455
397,2021-07-28 09:00:00+02:00,211.5,212.0,211.0,211.0,211.0,4921.0,211.75,212.75,209.875,189.25,211.5,1,,0.0,0.0, , ,0.0,0.0, , ,50.0
398,2021-07-28 10:00:00+02:00,211.5,212.0,211.0,212.0,212.0,8286.0,211.5,212.75,209.875,189.25,211.5,1,,0.0,0.0, , ,0.0,0.0, , ,61.53846153846153
399,2021-07-28 11:00:00+02:00,212.0,212.0,211.0,211.0,211.0,30884.0,211.5,213.25,211.625,189.25,211.5,0,,0.0,0.0, , ,0.0,0.0, , ,46.15384615384615
400,2021-07-28 12:00:00+02:00,211.0,211.5,211.0,211.0,211.0,7423.0,211.5,213.25,211.75,189.25,211.5,0,,0.0,0.0, , ,0.0,0.0, , ,41.66666666666667
401,2021-07-28 14:00:00+02:00,211.0,211.0,211.0,211.0,211.0,367.0,211.5,213.25,212.0,189.25,211.5,0,,0.0,0.0, , ,0.0,0.0, , ,30.0
402,2021-07-28 15:00:00+02:00,211.0,211.0,211.0,211.0,211.0,5196.0,211.5,213.25,212.5,189.25,211.0,0,,0.0,0.0, , ,0.0,0.0, , ,33.33333333333333
403,2021-07-28 16:00:00+02:00,211.5,211.5,211.0,211.0,211.0,1524.0,211.5,213.25,212.5,189.25,211.5,0,,0.0,0.0, , ,0.0,0.0, , ,42.857142857142854
404,2021-07-29 09:00:00+02:00,210.5,211.0,210.5,210.5,210.5,2314.0,211.25,213.25,212.5,189.25,211.5,0,,0.0,0.0, , ,0.0,0.0, , ,42.857142857142854
405,2021-07-29 10:00:00+02:00,210.5,210.5,210.5,210.5,210.5,5375.0,211.25,212.75,212.625,189.25,211.5,0,,0.0,0.0, , ,0.0,0.0, , ,42.857142857142854
406,2021-07-29 11:00:00+02:00,210.5,211.0,210.5,210.5,210.5,16566.0,211.25,212.75,212.625,189.25,211.5,0,,0.0,0.0, , ,0.0,0.0, , ,42.857142857142854
407,2021-07-29 12:00:00+02:00,210.5,211.0,210.5,211.0,211.0,9684.0,211.25,212.0,212.625,189.25,211.5,0,,0.0,0.0, , ,0.0,0.0, , ,50.0
408,2021-07-29 13:00:00+02:00,210.5,211.0,210.5,211.0,211.0,10339.0,211.0,212.0,213.0,189.25,211.0,0,,0.0,0.0, , ,0.0,0.0, , ,50.0
409,2021-07-29 14:00:00+02:00,211.0,211.0,210.5,211.0,211.0,6046.0,211.0,212.0,213.0,189.25,211.0,0,,0.0,0.0, , ,0.0,0.0, , ,50.0
410,2021-07-29 15:00:00+02:00,210.5,212.0,210.5,211.5,211.5,39666.0,211.25,212.0,212.875,189.25,211.5,0,,0.0,0.0, , ,0.0,0.0, , ,50.0
411,2021-07-29 16:00:00+02:00,211.5,211.5,211.0,211.5,211.5,2049.0,211.25,212.0,212.875,189.25,211.5,0,,0.0,0.0, , ,0.0,0.0, , ,57.14285714285714
412,2021-07-30 09:00:00+02:00,212.0,212.0,210.5,211.0,211.0,4766.0,211.25,212.0,212.875,189.25,211.5,0,,0.0,0.0, , ,0.0,0.0, , ,33.33333333333333
413,2021-07-30 10:00:00+02:00,210.5,211.0,210.5,211.0,211.0,13605.0,211.25,212.0,212.875,189.25,211.0,0,,0.0,0.0, , ,0.0,0.0, , ,50.0
414,2021-07-30 11:00:00+02:00,211.0,211.0,210.5,211.0,211.0,1077.0,211.25,211.5,212.625,189.5,211.5,0,,0.0,0.0, , ,0.0,0.0, , ,50.0
415,2021-07-30 12:00:00+02:00,210.5,211.0,210.5,210.5,210.5,1774.0,211.25,211.25,212.625,189.5,211.5,0,,0.0,0.0, , ,0.0,0.0, , ,39.99999999999999
416,2021-07-30 13:00:00+02:00,210.5,211.0,210.5,211.0,211.0,2915.0,211.25,211.25,212.25,189.5,211.5,0,,0.0,0.0, , ,0.0,0.0, , ,50.0
417,2021-07-30 14:00:00+02:00,211.0,211.0,210.5,211.0,211.0,12165.0,211.25,211.25,212.375,189.75,211.5,0,,0.0,0.0, , ,0.0,0.0, , ,50.0
418,2021-07-30 15:00:00+02:00,211.0,211.0,210.5,210.5,210.5,4601.0,211.25,211.25,212.375,189.75,,0,,0.0,0.0, , ,0.0,0.0, , ,50.0
419,2021-07-30 16:00:00+02:00,210.5,210.5,210.0,210.0,210.0,4381.0,211.0,211.0,212.375,189.75,,0,,0.0,0.0, , ,0.0,0.0, , ,42.857142857142854
420,2021-08-02 09:00:00+02:00,212.0,212.0,211.0,211.5,211.5,0.0,211.0,211.0,212.5,189.75,,0,,0.0,0.0, , ,0.0,0.0, , ,60.0
421,2021-08-02 10:00:00+02:00,211.0,212.0,211.0,211.0,211.0,15730.0,211.0,211.0,212.5,189.75,,0,,0.0,0.0, , ,0.0,0.0, , ,50.0
422,2021-08-02 11:00:00+02:00,211.5,211.5,211.0,211.0,211.0,5485.0,211.0,211.0,212.5,189.75,,0,,0.0,0.0, , ,0.0,0.0, , ,50.0
423,2021-08-02 12:00:00+02:00,211.0,212.0,211.0,211.5,211.5,11557.0,211.0,211.0,212.25,190.0,,0,,0.0,0.0, , ,0.0,0.0, , ,54.54545454545455
424,2021-08-02 13:00:00+02:00,212.0,212.0,211.5,211.5,211.5,2837.0,211.0,211.0,212.125,190.0,,0,,0.0,0.0, , ,0.0,0.0, , ,50.0
425,2021-08-02 14:00:00+02:00,211.5,212.0,211.5,211.5,211.5,8391.0,211.0,211.0,212.375,191.75,,0,,0.0,0.0, , ,0.0,0.0, , ,50.0
426,2021-08-02 15:00:00+02:00,211.5,211.5,211.0,211.5,211.5,1223.0,211.0,211.0,212.375,191.75,,0,,0.0,0.0, , ,0.0,0.0, , ,55.55555555555556
427,2021-08-02 16:00:00+02:00,211.0,211.5,211.0,211.5,211.5,6114.0,211.0,211.0,212.375,192.0,,0,,0.0,0.0, , ,0.0,0.0, , ,55.55555555555556
428,2021-08-03 09:00:00+02:00,210.0,211.5,210.0,211.0,211.0,695.0,211.0,211.0,212.375,192.5,,0,,0.0,0.0, , ,0.0,0.0, , ,50.0
429,2021-08-03 10:00:00+02:00,211.5,211.5,211.0,211.5,211.5,6375.0,211.0,211.0,212.375,192.6999969482422,,0,,0.0,0.0, , ,0.0,0.0, , ,60.0
430,2021-08-03 11:00:00+02:00,211.5,211.5,211.0,211.5,211.5,5629.0,211.0,211.0,212.25,192.6999969482422,,0,,0.0,0.0, , ,0.0,0.0, , ,55.55555555555556
431,2021-08-03 12:00:00+02:00,211.5,211.5,211.5,211.5,211.5,2885.0,211.0,211.0,212.0,192.8000030517578,,0,,0.0,0.0, , ,0.0,0.0, , ,55.55555555555556
432,2021-08-03 13:00:00+02:00,211.5,211.5,211.5,211.5,211.5,616.0,211.0,211.0,212.0,192.8000030517578,,0,,0.0,0.0, , ,0.0,0.0, , ,62.50000000000001
433,2021-08-03 14:00:00+02:00,211.5,211.5,211.5,211.5,211.5,1095.0,211.0,211.0,211.625,192.8000030517578,,0,,0.0,0.0, , ,0.0,0.0, , ,71.42857142857143
434,2021-08-03 15:00:00+02:00,211.5,211.5,211.0,211.0,211.0,918.0,210.75,211.0,211.5,192.8000030517578,,0,-1.0,0.0,0.0, , ,0.0,0.0, , ,39.99999999999999
435,2021-08-03 16:00:00+02:00,211.5,211.5,211.0,211.0,211.0,1834.0,210.75,211.0,211.5,192.9000015258789,,0,,0.0,0.0, ,Close,0.0,0.0, , ,50.0
436,2021-08-04 09:00:00+02:00,211.0,212.0,211.0,211.5,211.5,533.0,211.0,211.0,211.625,212.0,,0,,0.0,0.0, , ,0.0,0.0, , ,60.0
437,2021-08-04 10:00:00+02:00,212.0,212.0,211.0,211.5,211.5,2411.0,211.5,211.0,211.625,212.0,,0,1.0,0.0,0.0, , ,0.0,0.0, , ,50.0
438,2021-08-04 11:00:00+02:00,211.5,211.5,211.0,211.5,211.5,3586.0,211.5,211.0,211.625,212.0,,-1,,0.0,0.0, , ,0.0,0.0, ,Close,50.0
439,2021-08-04 12:00:00+02:00,211.5,211.5,211.0,211.0,211.0,1999.0,211.5,211.0,211.625,212.0,,-1,,0.0,0.0, , ,0.0,0.0, , ,39.99999999999999
440,2021-08-04 13:00:00+02:00,211.5,211.5,211.0,211.5,211.5,1488.0,211.5,211.0,211.375,212.0,,0,,0.0,0.0, , ,0.0,0.0, , ,50.0
441,2021-08-04 14:00:00+02:00,211.5,211.5,211.0,211.5,211.5,1425.0,211.5,211.0,211.25,212.0,,0,,0.0,0.0, , ,0.0,0.0, , ,50.0
442,2021-08-04 15:00:00+02:00,211.5,211.5,211.5,211.5,211.5,803.0,211.5,211.0,211.25,212.0,,0,,0.0,0.0, , ,0.0,0.0, , ,60.0
443,2021-08-04 16:00:00+02:00,211.5,211.5,211.5,211.5,211.5,105.0,211.5,211.0,211.25,212.25,,0,,0.0,0.0, , ,0.0,0.0, , ,50.0
