,Unnamed: 0,Open,High,Low,Close,Adj Close,Volume,tenkan_sen,kijun_sen,senkou_span_a,senkou_span_b,chikou_span,above_cloud,A_above_B,tenkan_kiju_cross,price_tenkan_cross,buy,Long_Position,Long_Buy,sell,Short_Position,Short_Buy
0,2021-06-02 09:00:00+02:00,48.400001525878906,48.400001525878906,48.400001525878906,48.400001525878906,48.400001525878906,0,,,,,48.5,0,-1,,,,,Sell,,,Buy
1,2021-06-02 10:00:00+02:00,48.29999923706055,48.29999923706055,48.29999923706055,48.29999923706055,48.29999923706055,210117,,,,,48.5,0,-1,,,,,Sell,,,Buy
2,2021-06-02 11:00:00+02:00,48.29999923706055,48.5,48.29999923706055,48.5,48.5,2911,,,,,48.900001525878906,0,-1,,,,,Sell,,,Buy
3,2021-06-02 12:00:00+02:00,48.5,48.5,48.400001525878906,48.400001525878906,48.400001525878906,625,,,,,49.0,0,-1,,,,,Sell,,,Buy
4,2021-06-02 13:00:00+02:00,48.5,49.20000076293945,48.5,49.20000076293945,49.20000076293945,4229,,,,,48.900001525878906,0,-1,,,,,Sell,,,Buy
5,2021-06-02 14:00:00+02:00,49.20000076293945,49.20000076293945,49.20000076293945,49.20000076293945,49.20000076293945,1000,,,,,49.0,0,-1,,,,,Sell,,,Buy
6,2021-06-02 15:00:00+02:00,49.20000076293945,49.5,48.59999847412109,49.400001525878906,49.400001525878906,3879,,,,,48.70000076293945,0,-1,,,,,Sell,,,Buy
7,2021-06-02 16:00:00+02:00,49.29999923706055,49.29999923706055,49.29999923706055,49.29999923706055,49.29999923706055,160,,,,,48.900001525878906,0,-1,,,,,Sell,,,Buy
8,2021-06-09 09:00:00+02:00,49.09999847412109,49.09999847412109,49.09999847412109,49.09999847412109,49.09999847412109,0,48.89999961853027,,,,49.0,0,-1,,,,,Sell,,,Buy
9,2021-06-09 10:00:00+02:00,49.09999847412109,49.09999847412109,49.09999847412109,49.09999847412109,49.09999847412109,200,48.89999961853027,,,,48.900001525878906,0,-1,,,,,Sell,,,Buy
10,2021-06-09 11:00:00+02:00,49.0,49.0,48.900001525878906,48.900001525878906,48.900001525878906,865,48.89999961853027,,,,48.900001525878906,0,-1,,,,,Sell,,,Buy
11,2021-06-09 13:00:00+02:00,48.900001525878906,48.900001525878906,48.79999923706055,48.79999923706055,48.79999923706055,1350,48.95000076293945,,,,48.59999847412109,0,-1,,-1.0,,,Sell,,,Buy
12,2021-06-09 14:00:00+02:00,48.79999923706055,49.0,48.79999923706055,49.0,49.0,3490,49.0,,,,48.900001525878906,0,-1,,,,,Sell,,,Buy
13,2021-06-09 15:00:00+02:00,48.900001525878906,49.0,48.79999923706055,49.0,49.0,3894,49.04999923706055,,,,48.70000076293945,0,-1,,,,,Sell,,,Buy
14,2021-06-09 16:00:00+02:00,48.900001525878906,48.900001525878906,48.900001525878906,48.900001525878906,48.900001525878906,230,49.04999923706055,,,,48.900001525878906,0,-1,,,,,Sell,,,Buy
15,2021-06-10 09:00:00+02:00,48.79999923706055,49.0,48.79999923706055,48.79999923706055,48.79999923706055,0,49.04999923706055,,,,48.79999923706055,0,-1,,,,,Sell,,,Buy
16,2021-06-10 10:00:00+02:00,48.900001525878906,49.0,48.900001525878906,49.0,49.0,357,48.94999885559082,,,,48.70000076293945,0,-1,,,,,Sell,,,Buy
17,2021-06-10 11:00:00+02:00,48.900001525878906,48.900001525878906,48.79999923706055,48.79999923706055,48.79999923706055,865,48.94999885559082,,,,48.900001525878906,0,-1,,,,,Sell,,,Buy
18,2021-06-10 12:00:00+02:00,48.79999923706055,49.0,48.79999923706055,49.0,49.0,270,48.89999961853027,,,,49.20000076293945,0,-1,,,,,Sell,,,Buy
19,2021-06-10 13:00:00+02:00,48.900001525878906,48.900001525878906,48.900001525878906,48.900001525878906,48.900001525878906,662,48.89999961853027,,,,49.09999847412109,0,-1,,1.0,,,Sell,,,Buy
20,2021-06-10 14:00:00+02:00,49.0,49.0,48.900001525878906,49.0,49.0,1811,48.89999961853027,,,,49.5,0,-1,,,,,Sell,,,Buy
21,2021-06-10 15:00:00+02:00,48.900001525878906,48.900001525878906,48.79999923706055,48.79999923706055,48.79999923706055,910,48.89999961853027,,,,49.20000076293945,0,-1,,,,,Sell,,,Buy
22,2021-06-10 16:00:00+02:00,48.900001525878906,48.900001525878906,48.900001525878906,48.900001525878906,48.900001525878906,451,48.89999961853027,,,,48.900001525878906,0,-1,,,,,Sell,,,Buy
23,2021-06-11 09:00:00+02:00,49.0,49.0,48.70000076293945,48.70000076293945,48.70000076293945,0,48.85000038146973,,,,49.5,0,-1,,,,,Sell,,,Buy
24,2021-06-11 10:00:00+02:00,48.70000076293945,48.900001525878906,48.59999847412109,48.59999847412109,48.59999847412109,502,48.79999923706055,,,,48.70000076293945,0,-1,,-1.0,,,Sell,,,Buy
25,2021-06-11 11:00:00+02:00,48.79999923706055,48.79999923706055,48.59999847412109,48.59999847412109,48.59999847412109,479,48.79999923706055,48.89999961853027,,,48.900001525878906,0,-1,,,,,Sell,,,Buy
26,2021-06-11 12:00:00+02:00,48.5,48.59999847412109,48.5,48.5,48.5,777,48.75,48.89999961853027,,,49.09999847412109,0,-1,,-1.0,,,Sell,,,Buy
27,2021-06-11 13:00:00+02:00,48.5,48.5,48.5,48.5,48.5,1141,48.75,48.89999961853027,,,49.09999847412109,0,-1,,,,,Sell,,,Buy
28,2021-06-11 14:00:00+02:00,48.70000076293945,48.900001525878906,48.5,48.900001525878906,48.900001525878906,1414,48.75,48.95000076293945,,,49.09999847412109,0,-1,,,,,Sell,,,Buy
29,2021-06-14 09:00:00+02:00,49.0,49.0,49.0,49.0,49.0,0,48.75,49.0,,,48.900001525878906,0,-1,,1.0,,,Sell,,,Buy
30,2021-06-14 10:00:00+02:00,48.900001525878906,48.900001525878906,48.900001525878906,48.900001525878906,48.900001525878906,60,48.75,49.0,,,48.70000076293945,0,-1,,,,,Sell,,,Buy
31,2021-06-14 13:00:00+02:00,48.900001525878906,49.0,48.900001525878906,49.0,49.0,69,48.75,49.0,,,48.70000076293945,0,-1,,,,,Sell,,,Buy
32,2021-06-14 14:00:00+02:00,48.900001525878906,48.900001525878906,48.70000076293945,48.70000076293945,48.70000076293945,1699,48.75,48.89999961853027,,,49.29999923706055,0,-1,,,,,Sell,,,Buy
33,2021-06-14 15:00:00+02:00,48.900001525878906,48.900001525878906,48.900001525878906,48.900001525878906,48.900001525878906,58,48.75,48.79999923706055,,,49.400001525878906,0,-1,,,,,Sell,,,Buy
34,2021-06-14 16:00:00+02:00,48.900001525878906,49.0,48.900001525878906,49.0,49.0,179,48.75,48.79999923706055,,,49.400001525878906,0,-1,,,,,Sell,,,Buy
35,2021-06-15 09:00:00+02:00,49.0,49.0,48.59999847412109,48.900001525878906,48.900001525878906,0,48.75,48.75,,,49.09999847412109,0,-1,,,,,Sell,,,Buy
36,2021-06-15 10:00:00+02:00,48.900001525878906,48.900001525878906,48.900001525878906,48.900001525878906,48.900001525878906,627,48.75,48.75,,,49.29999923706055,0,-1,,,,,Sell,,,Buy
37,2021-06-15 13:00:00+02:00,48.59999847412109,48.59999847412109,48.59999847412109,48.59999847412109,48.59999847412109,55,48.79999923706055,48.75,,,49.400001525878906,0,-1,1.0,-1.0,,,Sell,,,Buy
38,2021-06-15 16:00:00+02:00,48.79999923706055,48.900001525878906,48.79999923706055,48.900001525878906,48.900001525878906,130,48.79999923706055,48.75,,,49.0,0,-1,,,,,Sell,0.0,,Buy
39,2021-06-16 09:00:00+02:00,49.0,49.0,48.70000076293945,48.70000076293945,48.70000076293945,0,48.79999923706055,48.75,,,48.900001525878906,0,-1,,1.0,,,Sell,0.0,0.0,Buy
40,2021-06-16 10:00:00+02:00,48.900001525878906,48.900001525878906,48.900001525878906,48.900001525878906,48.900001525878906,255,48.79999923706055,48.75,,,49.59999847412109,0,-1,,,,,Sell,0.0,0.0,Buy
41,2021-06-16 12:00:00+02:00,48.79999923706055,48.79999923706055,48.79999923706055,48.79999923706055,48.79999923706055,100294,48.79999923706055,48.75,,,49.79999923706055,0,-1,,,,,Sell,0.0,0.0,Buy
42,2021-06-16 13:00:00+02:00,48.70000076293945,48.70000076293945,48.70000076293945,48.70000076293945,48.70000076293945,556,48.79999923706055,48.75,,,49.79999923706055,0,-1,,-1.0,,,Sell,0.0,0.0,Buy
43,2021-06-16 15:00:00+02:00,48.70000076293945,48.900001525878906,48.70000076293945,48.900001525878906,48.900001525878906,573,48.79999923706055,48.75,,,49.400001525878906,0,-1,,,,,Sell,0.0,0.0,Buy
44,2021-06-18 09:00:00+02:00,49.29999923706055,49.5,49.09999847412109,49.20000076293945,49.20000076293945,10460,49.04999923706055,49.0,,,49.79999923706055,0,-1,,1.0,,,Sell,0.0,0.0,Buy
45,2021-06-18 10:00:00+02:00,49.20000076293945,49.20000076293945,49.09999847412109,49.09999847412109,49.09999847412109,11086,49.04999923706055,49.0,,,49.59999847412109,0,-1,,,,,Sell,0.0,0.0,Buy
46,2021-06-18 11:00:00+02:00,49.09999847412109,49.5,49.09999847412109,49.5,49.5,32000,49.10000038146973,49.0,,,49.5,0,-1,,-1.0,,,Sell,0.0,0.0,Buy
47,2021-06-18 12:00:00+02:00,49.20000076293945,49.20000076293945,49.09999847412109,49.20000076293945,49.20000076293945,3202,49.10000038146973,49.0,,,50.0,0,-1,,1.0,,,Sell,0.0,0.0,Buy
48,2021-06-18 13:00:00+02:00,49.09999847412109,49.09999847412109,48.900001525878906,48.900001525878906,48.900001525878906,64774,49.10000038146973,49.0,,,49.900001525878906,0,-1,,-1.0,,,Sell,0.0,0.0,Buy
49,2021-06-18 15:00:00+02:00,49.09999847412109,49.5,49.09999847412109,49.5,49.5,33006,49.10000038146973,49.0,,,49.59999847412109,0,-1,,,,,Sell,0.0,0.0,Buy
50,2021-06-21 09:00:00+02:00,49.400001525878906,49.400001525878906,48.70000076293945,48.70000076293945,48.70000076293945,0,49.10000038146973,49.0,,,49.900001525878906,0,-1,,1.0,,,Sell,0.0,0.0,Buy
51,2021-06-21 10:00:00+02:00,49.0,49.20000076293945,48.900001525878906,48.900001525878906,48.900001525878906,2170,49.10000038146973,49.0,48.84999942779541,,49.900001525878906,0,-1,,-1.0,,,Sell,0.0,0.0,Buy
52,2021-06-21 11:00:00+02:00,49.29999923706055,49.29999923706055,49.09999847412109,49.09999847412109,49.09999847412109,532,49.10000038146973,49.0,48.82499980926514,,49.70000076293945,0,-1,,1.0,,,Sell,0.0,0.0,Buy
53,2021-06-21 12:00:00+02:00,49.09999847412109,49.09999847412109,49.09999847412109,49.09999847412109,49.09999847412109,59,49.10000038146973,49.0,48.82499980926514,,49.59999847412109,0,-1,,-1.0,,,Sell,0.0,0.0,Buy
54,2021-06-21 13:00:00+02:00,49.09999847412109,49.09999847412109,49.09999847412109,49.09999847412109,49.09999847412109,200,49.10000038146973,49.04999923706055,48.85000038146973,,49.5,0,-1,,,,,Sell,0.0,0.0,Buy
55,2021-06-21 14:00:00+02:00,48.900001525878906,48.900001525878906,48.900001525878906,48.900001525878906,48.900001525878906,6,49.10000038146973,49.04999923706055,48.875,,49.900001525878906,0,-1,,,,,Sell,0.0,0.0,Buy
56,2021-06-21 15:00:00+02:00,49.09999847412109,49.29999923706055,48.70000076293945,48.70000076293945,48.70000076293945,7222,49.10000038146973,49.04999923706055,48.875,,49.29999923706055,0,-1,,,,,Sell,0.0,0.0,Buy
57,2021-06-21 16:00:00+02:00,48.70000076293945,48.70000076293945,48.70000076293945,48.70000076293945,48.70000076293945,302,49.10000038146973,49.04999923706055,48.875,,49.70000076293945,0,-1,,,,,Sell,0.0,0.0,Buy
58,2021-06-22 09:00:00+02:00,49.400001525878906,49.400001525878906,49.29999923706055,49.29999923706055,49.29999923706055,0,49.05000114440918,49.04999923706055,48.82499980926514,,49.900001525878906,0,-1,,1.0,,,Sell,0.0,0.0,Buy
59,2021-06-22 10:00:00+02:00,49.29999923706055,49.400001525878906,49.29999923706055,49.400001525878906,49.400001525878906,508,49.05000114440918,49.04999923706055,48.77499961853027,,49.900001525878906,0,-1,,,,,Sell,0.0,0.0,Buy
60,2021-06-22 11:00:00+02:00,49.400001525878906,49.400001525878906,49.400001525878906,49.400001525878906,49.400001525878906,860,49.05000114440918,49.04999923706055,48.77499961853027,,49.900001525878906,0,-1,,,,,Sell,0.0,0.0,Buy
61,2021-06-22 12:00:00+02:00,49.400001525878906,49.5,49.09999847412109,49.09999847412109,49.09999847412109,2385,49.10000038146973,49.04999923706055,48.75,,50.0,0,-1,,,,,Sell,0.0,0.0,Buy
62,2021-06-22 13:00:00+02:00,49.29999923706055,49.5,48.900001525878906,49.29999923706055,49.29999923706055,8695,49.10000038146973,49.04999923706055,48.75,,50.20000076293945,0,-1,,,,,Sell,0.0,0.0,Buy
63,2021-06-22 14:00:00+02:00,49.400001525878906,49.59999847412109,49.29999923706055,49.400001525878906,49.400001525878906,33587,49.14999961853027,49.14999961853027,48.77499961853027,,50.20000076293945,0,-1,,,,,Sell,0.0,0.0,Buy
64,2021-06-22 15:00:00+02:00,49.20000076293945,49.70000076293945,49.0,49.0,49.0,6746,49.20000076293945,49.20000076293945,48.77499961853027,,50.0,0,-1,,,,,Sell,0.0,0.0,Buy
65,2021-06-22 16:00:00+02:00,49.09999847412109,49.09999847412109,48.900001525878906,48.900001525878906,48.900001525878906,747,49.20000076293945,49.20000076293945,48.77499961853027,,50.79999923706055,0,-1,,-1.0,,,Sell,0.0,0.0,Buy
66,2021-06-23 09:00:00+02:00,49.59999847412109,49.59999847412109,49.400001525878906,49.59999847412109,49.59999847412109,0,49.30000114440918,49.20000076293945,48.77499961853027,,50.400001525878906,0,-1,1.0,1.0,,,Sell,0.0,0.0,Buy
67,2021-06-23 10:00:00+02:00,49.59999847412109,49.79999923706055,49.59999847412109,49.79999923706055,49.79999923706055,5580,49.35000038146973,49.25,48.77499961853027,,50.79999923706055,0,-1,,,,,Sell,0.0,0.0,Buy
68,2021-06-23 11:00:00+02:00,49.70000076293945,49.79999923706055,49.70000076293945,49.79999923706055,49.79999923706055,2772,49.35000038146973,49.25,48.77499961853027,,50.79999923706055,0,-1,,,,,Sell,0.0,0.0,Buy
69,2021-06-23 12:00:00+02:00,49.70000076293945,49.70000076293945,49.400001525878906,49.400001525878906,49.400001525878906,3917,49.35000038146973,49.25,48.77499961853027,,50.79999923706055,0,-1,,,,,Sell,0.0,0.0,Buy
70,2021-06-23 14:00:00+02:00,49.59999847412109,49.79999923706055,49.5,49.79999923706055,49.79999923706055,2595,49.35000038146973,49.25,49.02499961853027,,50.400001525878906,0,-1,,,,,Sell,0.0,0.0,Buy
71,2021-06-23 15:00:00+02:00,49.900001525878906,49.900001525878906,49.59999847412109,49.59999847412109,49.59999847412109,1890,49.400001525878906,49.30000114440918,49.02499961853027,,50.400001525878906,0,-1,,,,,Sell,0.0,0.0,Buy
72,2021-06-23 16:00:00+02:00,49.59999847412109,49.59999847412109,49.5,49.5,49.5,868,49.400001525878906,49.30000114440918,49.05000019073486,,51.0,0,-1,,,,,Sell,0.0,0.0,Buy
73,2021-06-24 09:00:00+02:00,50.0,50.20000076293945,50.0,50.0,50.0,0,49.55000114440918,49.45000076293945,49.05000019073486,,50.400001525878906,0,-1,,,,,Sell,0.0,0.0,Buy
74,2021-06-24 11:00:00+02:00,50.0,50.0,49.900001525878906,49.900001525878906,49.900001525878906,1053,49.80000114440918,49.45000076293945,49.05000019073486,,50.400001525878906,0,-1,,,,,Sell,0.0,0.0,Buy
75,2021-06-24 14:00:00+02:00,49.59999847412109,49.59999847412109,49.59999847412109,49.59999847412109,49.59999847412109,100,49.80000114440918,49.45000076293945,49.05000019073486,,49.59999847412109,0,-1,,-1.0,,,Sell,0.0,0.0,Buy
76,2021-06-24 15:00:00+02:00,49.900001525878906,49.900001525878906,49.900001525878906,49.900001525878906,49.900001525878906,100,49.80000114440918,49.45000076293945,49.05000019073486,,50.0,0,-1,,1.0,,,Sell,0.0,0.0,Buy
77,2021-06-24 16:00:00+02:00,49.900001525878906,49.900001525878906,49.900001525878906,49.900001525878906,49.900001525878906,222,49.80000114440918,49.45000076293945,49.05000019073486,,50.0,0,-1,,,,,Sell,0.0,0.0,Buy
78,2021-06-25 09:00:00+02:00,49.900001525878906,50.20000076293945,49.59999847412109,49.70000076293945,49.70000076293945,4185,49.85000038146973,49.45000076293945,49.05000019073486,,49.900001525878906,0,-1,,,,,Sell,0.0,0.0,Buy
79,2021-06-25 10:00:00+02:00,49.70000076293945,49.70000076293945,49.59999847412109,49.59999847412109,49.59999847412109,3887,49.85000038146973,49.45000076293945,49.05000019073486,,49.5,0,-1,,-1.0,,,Sell,0.0,0.0,Buy
80,2021-06-25 11:00:00+02:00,49.79999923706055,49.79999923706055,49.5,49.5,49.5,3641,49.85000038146973,49.45000076293945,49.07499980926514,,49.70000076293945,0,-1,,,,,Sell,0.0,0.0,Buy
81,2021-06-25 12:00:00+02:00,49.900001525878906,49.900001525878906,49.900001525878906,49.900001525878906,49.900001525878906,118,49.85000038146973,49.45000076293945,49.07499980926514,,50.0,0,-1,,1.0,,,Sell,0.0,0.0,Buy
82,2021-06-25 13:00:00+02:00,49.900001525878906,49.900001525878906,49.29999923706055,49.29999923706055,49.29999923706055,1660,49.75,49.45000076293945,49.07499980926514,,49.900001525878906,0,-1,,,,,Sell,0.0,0.0,Buy
83,2021-06-25 15:00:00+02:00,49.70000076293945,49.70000076293945,49.70000076293945,49.70000076293945,49.70000076293945,606,49.75,49.55000114440918,49.07499980926514,,49.59999847412109,0,-1,,-1.0,,,Sell,0.0,0.0,Buy
84,2021-06-25 16:00:00+02:00,49.79999923706055,49.900001525878906,49.79999923706055,49.900001525878906,49.900001525878906,6,49.75,49.55000114440918,49.05000019073486,,49.900001525878906,0,-1,,1.0,,,Sell,0.0,0.0,Buy
85,2021-06-28 09:00:00+02:00,50.0,50.0,49.59999847412109,49.900001525878906,49.900001525878906,0,49.75,49.55000114440918,49.05000019073486,,49.900001525878906,0,-1,,,,,Sell,0.0,0.0,Buy
86,2021-06-28 12:00:00+02:00,49.900001525878906,49.900001525878906,49.900001525878906,49.900001525878906,49.900001525878906,15787,49.75,49.55000114440918,49.05000019073486,,49.20000076293945,0,-1,,,,,Sell,0.0,0.0,Buy
87,2021-06-28 13:00:00+02:00,50.0,50.0,50.0,50.0,50.0,194,49.64999961853027,49.55000114440918,49.07499980926514,,49.09999847412109,0,-1,,,,,Sell,0.0,0.0,Buy
88,2021-06-28 14:00:00+02:00,50.0,50.20000076293945,50.0,50.20000076293945,50.20000076293945,15240,49.75,49.55000114440918,49.07499980926514,,49.5,0,-1,,,,,Sell,0.0,0.0,Buy
89,2021-06-28 15:00:00+02:00,50.20000076293945,50.20000076293945,50.20000076293945,50.20000076293945,50.20000076293945,35073,49.75,49.55000114440918,49.14999961853027,,49.5,0,-1,,,,,Sell,0.0,0.0,Buy
90,2021-06-28 16:00:00+02:00,50.0,50.0,50.0,50.0,50.0,322,49.75,49.55000114440918,49.20000076293945,,49.59999847412109,0,-1,,,,,Sell,0.0,0.0,Buy
91,2021-06-29 10:00:00+02:00,50.20000076293945,50.79999923706055,50.20000076293945,50.79999923706055,50.79999923706055,5761,50.19999885559082,50.04999923706055,49.20000076293945,,49.900001525878906,0,-1,,,,,Sell,0.0,0.0,Buy
92,2021-06-29 11:00:00+02:00,50.59999847412109,50.79999923706055,50.400001525878906,50.400001525878906,50.400001525878906,2315,50.19999885559082,50.04999923706055,49.250000953674316,,50.0,0,-1,,,,,Sell,0.0,0.0,Buy
93,2021-06-29 12:00:00+02:00,50.79999923706055,50.79999923706055,50.59999847412109,50.79999923706055,50.79999923706055,1775,50.19999885559082,50.04999923706055,49.30000019073486,,49.70000076293945,0,-1,,,,,Sell,0.0,0.0,Buy
94,2021-06-29 13:00:00+02:00,50.79999923706055,50.79999923706055,50.79999923706055,50.79999923706055,50.79999923706055,128,50.35000038146973,50.04999923706055,49.30000019073486,,49.70000076293945,0,-1,,,,,Sell,0.0,0.0,Buy
95,2021-06-29 14:00:00+02:00,50.79999923706055,50.79999923706055,50.79999923706055,50.79999923706055,50.79999923706055,1000,50.39999961853027,50.04999923706055,49.30000019073486,,49.900001525878906,0,-1,,,,,Sell,0.0,0.0,Buy
96,2021-06-29 15:00:00+02:00,50.59999847412109,50.59999847412109,50.400001525878906,50.400001525878906,50.400001525878906,3090,50.39999961853027,50.04999923706055,49.30000019073486,,50.59999847412109,0,-1,,,,,Sell,0.0,0.0,Buy
97,2021-06-29 16:00:00+02:00,50.400001525878906,50.400001525878906,50.400001525878906,50.400001525878906,50.400001525878906,551,50.39999961853027,50.04999923706055,49.35000133514404,,50.59999847412109,0,-1,,,,,Sell,0.0,0.0,Buy
98,2021-06-30 09:00:00+02:00,50.400001525878906,51.0,50.400001525878906,51.0,51.0,0,50.5,50.14999961853027,49.35000133514404,,50.79999923706055,0,-1,,-1.0,,,Sell,0.0,0.0,Buy
99,2021-06-30 11:00:00+02:00,50.59999847412109,50.59999847412109,50.0,50.400001525878906,50.400001525878906,10281,50.5,50.14999961853027,49.500000953674316,,50.59999847412109,0,-1,,1.0,,,Sell,0.0,0.0,Buy
100,2021-06-30 12:00:00+02:00,50.20000076293945,50.400001525878906,50.0,50.400001525878906,50.400001525878906,3437,50.5,50.14999961853027,49.625000953674316,,50.79999923706055,0,-1,,-1.0,,,Sell,0.0,0.0,Buy
101,2021-06-30 14:00:00+02:00,50.400001525878906,50.400001525878906,49.59999847412109,49.59999847412109,49.59999847412109,1395,50.29999923706055,50.14999961853027,49.625000953674316,,50.20000076293945,0,-1,,1.0,,,Sell,0.0,0.0,Buy
102,2021-06-30 15:00:00+02:00,49.59999847412109,50.59999847412109,49.59999847412109,50.0,50.0,13803,50.29999923706055,50.14999961853027,49.625000953674316,,50.0,0,-1,,-1.0,,,Sell,0.0,0.0,Buy
103,2021-06-30 16:00:00+02:00,50.59999847412109,50.59999847412109,50.0,50.0,50.0,2527,50.29999923706055,50.14999961853027,49.625000953674316,48.89999961853027,49.59999847412109,1,1,,1.0,,,Sell,0.0,0.0,Buy
104,2021-07-01 09:00:00+02:00,50.0,50.0,49.900001525878906,49.900001525878906,49.900001525878906,0,50.29999923706055,50.14999961853027,49.65000057220459,48.89999961853027,49.59999847412109,1,1,,-1.0,1.0,,Sell,0.0,0.0,Buy
105,2021-07-01 10:00:00+02:00,49.5,49.5,49.5,49.5,49.5,181,50.25,50.14999961853027,49.65000057220459,48.89999961853027,49.5,0,1,,,1.0,0.0,Sell,0.0,0.0,Buy
106,2021-07-01 11:00:00+02:00,49.70000076293945,49.70000076293945,49.70000076293945,49.70000076293945,49.70000076293945,250,50.25,50.14999961853027,49.65000057220459,48.95000076293945,49.900001525878906,1,1,,,1.0,0.0,Sell,0.0,0.0,Buy
107,2021-07-01 12:00:00+02:00,49.70000076293945,50.0,49.70000076293945,50.0,50.0,2141,50.04999923706055,50.14999961853027,49.65000057220459,49.0,50.0,1,1,-1.0,,1.0,0.0,Sell,0.0,0.0,Buy
108,2021-07-01 13:00:00+02:00,49.900001525878906,49.900001525878906,49.900001525878906,49.900001525878906,49.900001525878906,98,50.04999923706055,50.25,49.60000038146973,49.0,49.59999847412109,1,1,,,0.0,-1.0,Sell,0.0,0.0,Buy
109,2021-07-01 14:00:00+02:00,49.59999847412109,49.59999847412109,49.59999847412109,49.59999847412109,49.59999847412109,560,50.04999923706055,50.25,49.65000057220459,49.0,50.20000076293945,0,1,,,0.0,0.0,Sell,0.0,0.0,Buy
110,2021-07-01 15:00:00+02:00,49.900001525878906,49.900001525878906,49.59999847412109,49.900001525878906,49.900001525878906,703,50.04999923706055,50.25,49.65000057220459,49.0,50.20000076293945,0,1,,,0.0,0.0,Sell,0.0,0.0,Buy
111,2021-07-01 16:00:00+02:00,49.900001525878906,49.900001525878906,49.900001525878906,49.900001525878906,49.900001525878906,191,50.04999923706055,50.25,49.65000057220459,49.0,50.20000076293945,1,1,,,0.0,0.0,Sell,0.0,0.0,Buy
112,2021-07-02 09:00:00+02:00,49.29999923706055,49.29999923706055,49.20000076293945,49.20000076293945,49.20000076293945,0,49.60000038146973,50.10000038146973,49.65000057220459,49.0,50.20000076293945,0,1,,,0.0,0.0,Sell,0.0,0.0,Buy
113,2021-07-02 10:00:00+02:00,49.29999923706055,49.29999923706055,49.09999847412109,49.09999847412109,49.09999847412109,1503,49.54999923706055,50.04999923706055,49.60000038146973,49.0,50.20000076293945,0,1,,,0.0,0.0,Sell,0.0,0.0,Buy
114,2021-07-02 11:00:00+02:00,49.09999847412109,49.5,49.09999847412109,49.5,49.5,2573,49.54999923706055,50.04999923706055,49.65000057220459,49.0,50.20000076293945,0,1,,,0.0,0.0,Sell,0.0,0.0,Buy
115,2021-07-08 09:00:00+02:00,49.5,49.5,49.5,49.5,49.5,0,49.54999923706055,50.04999923706055,49.65000057220459,49.04999923706055,50.59999847412109,0,1,,,0.0,0.0,Sell,0.0,0.0,Buy
116,2021-07-08 10:00:00+02:00,49.70000076293945,49.70000076293945,49.59999847412109,49.59999847412109,49.59999847412109,8883,49.5,50.04999923706055,49.65000057220459,49.10000038146973,50.20000076293945,0,1,,1.0,0.0,0.0,Sell,0.0,0.0,Buy
117,2021-07-08 11:00:00+02:00,49.79999923706055,50.0,49.79999923706055,49.900001525878906,49.900001525878906,7489,49.54999923706055,50.04999923706055,50.124999046325684,49.10000038146973,50.20000076293945,0,1,,,0.0,0.0,Sell,0.0,0.0,Buy
118,2021-07-08 12:00:00+02:00,50.0,50.0,50.0,50.0,50.0,10551,49.54999923706055,50.04999923706055,50.124999046325684,49.10000038146973,50.20000076293945,0,1,,,0.0,0.0,Sell,0.0,0.0,Buy
119,2021-07-08 14:00:00+02:00,50.0,50.20000076293945,49.70000076293945,49.70000076293945,49.70000076293945,1770,49.64999961853027,50.04999923706055,50.124999046325684,49.14999961853027,50.400001525878906,0,1,,,0.0,0.0,Sell,0.0,0.0,Buy
120,2021-07-08 15:00:00+02:00,49.70000076293945,50.400001525878906,49.70000076293945,49.70000076293945,49.70000076293945,4720,49.75,50.04999923706055,50.19999980926514,49.14999961853027,50.400001525878906,0,1,,-1.0,0.0,0.0,Sell,0.0,0.0,Buy
121,2021-07-08 16:00:00+02:00,49.70000076293945,50.0,49.59999847412109,49.900001525878906,49.900001525878906,2636,49.75,50.04999923706055,50.22499942779541,49.14999961853027,50.0,0,1,,,0.0,0.0,Sell,0.0,0.0,Buy
122,2021-07-09 09:00:00+02:00,50.59999847412109,50.59999847412109,50.59999847412109,50.59999847412109,50.59999847412109,0,49.84999847412109,50.04999923706055,50.22499942779541,49.14999961853027,50.400001525878906,1,1,,1.0,0.0,0.0,Sell,0.0,0.0,Buy
123,2021-07-09 11:00:00+02:00,50.400001525878906,50.59999847412109,50.400001525878906,50.59999847412109,50.59999847412109,30526,50.04999923706055,50.04999923706055,50.22499942779541,49.20000076293945,50.20000076293945,1,1,,,1.0,1.0,Buy,0.0,0.0,Buy
124,2021-07-09 12:00:00+02:00,50.59999847412109,50.79999923706055,50.59999847412109,50.79999923706055,50.79999923706055,2844,50.19999885559082,49.94999885559082,50.32499980926514,49.20000076293945,50.0,1,1,1.0,,1.0,0.0,Sell,0.0,0.0,Buy
125,2021-07-09 13:00:00+02:00,50.59999847412109,50.59999847412109,50.400001525878906,50.59999847412109,50.59999847412109,4472,50.19999885559082,49.94999885559082,50.32499980926514,49.35000038146973,50.400001525878906,1,1,,,1.0,0.0,Sell,0.0,0.0,Buy
126,2021-07-09 14:00:00+02:00,50.59999847412109,50.79999923706055,50.59999847412109,50.79999923706055,50.79999923706055,4467,50.19999885559082,49.94999885559082,50.32499980926514,49.35000038146973,50.400001525878906,1,1,,,1.0,0.0,Sell,0.0,0.0,Buy
127,2021-07-09 15:00:00+02:00,50.400001525878906,50.400001525878906,50.20000076293945,50.20000076293945,50.20000076293945,2000,50.19999885559082,49.94999885559082,50.22499942779541,49.35000038146973,50.0,0,1,,,1.0,0.0,Sell,0.0,0.0,Buy
128,2021-07-09 16:00:00+02:00,50.0,50.0,50.0,50.0,50.0,550,50.19999885559082,49.94999885559082,50.22499942779541,49.35000038146973,50.20000076293945,0,1,,-1.0,1.0,0.0,Sell,0.0,0.0,Buy
129,2021-07-12 09:00:00+02:00,49.59999847412109,49.59999847412109,49.59999847412109,49.59999847412109,49.59999847412109,0,50.19999885559082,49.94999885559082,50.22499942779541,49.35000038146973,50.59999847412109,0,1,,,1.0,0.0,Sell,0.0,0.0,Buy
130,2021-07-12 10:00:00+02:00,49.59999847412109,49.59999847412109,49.59999847412109,49.59999847412109,49.59999847412109,146,50.19999885559082,49.94999885559082,50.22499942779541,49.35000038146973,50.59999847412109,0,1,,,1.0,0.0,Sell,0.0,0.0,Buy
131,2021-07-12 12:00:00+02:00,49.59999847412109,49.59999847412109,49.5,49.5,49.5,3521,50.14999961853027,49.94999885559082,50.19999980926514,49.35000038146973,50.79999923706055,0,1,,,1.0,0.0,Sell,0.0,0.0,Buy
132,2021-07-12 13:00:00+02:00,49.5,49.900001525878906,49.5,49.900001525878906,49.900001525878906,508,50.14999961853027,49.94999885559082,50.19999980926514,49.39999961853027,50.79999923706055,0,1,,,1.0,0.0,Sell,0.0,0.0,Buy
133,2021-07-12 14:00:00+02:00,49.900001525878906,50.0,49.900001525878906,50.0,50.0,1137,50.14999961853027,49.94999885559082,50.09999942779541,49.39999961853027,50.59999847412109,0,1,,,1.0,0.0,Sell,0.0,0.0,Buy
134,2021-07-12 15:00:00+02:00,50.0,50.20000076293945,49.5,49.59999847412109,49.59999847412109,7973,50.14999961853027,49.94999885559082,50.14999961853027,49.39999961853027,50.400001525878906,0,1,,,1.0,0.0,Sell,0.0,0.0,Buy
135,2021-07-13 09:00:00+02:00,50.20000076293945,50.20000076293945,50.20000076293945,50.20000076293945,50.20000076293945,0,49.95000076293945,49.94999885559082,50.14999961853027,49.39999961853027,50.59999847412109,1,1,,1.0,1.0,0.0,Sell,0.0,0.0,Buy
136,2021-07-13 11:00:00+02:00,50.20000076293945,50.20000076293945,50.20000076293945,50.20000076293945,50.20000076293945,5095,49.85000038146973,49.94999885559082,50.14999961853027,49.39999961853027,50.20000076293945,1,1,-1.0,,1.0,0.0,Sell,0.0,0.0,Buy
137,2021-07-13 12:00:00+02:00,50.400001525878906,50.400001525878906,50.20000076293945,50.20000076293945,50.20000076293945,1240,49.95000076293945,49.94999885559082,50.14999961853027,49.39999961853027,50.20000076293945,1,1,1.0,,0.0,-1.0,Sell,0.0,0.0,Buy
138,2021-07-13 13:00:00+02:00,50.400001525878906,50.59999847412109,50.20000076293945,50.20000076293945,50.20000076293945,4609,50.04999923706055,49.94999885559082,49.85000038146973,49.39999961853027,50.400001525878906,1,1,,,1.0,1.0,Buy,0.0,0.0,Buy
139,2021-07-13 14:00:00+02:00,50.20000076293945,50.20000076293945,50.20000076293945,50.20000076293945,50.20000076293945,4161,50.04999923706055,49.94999885559082,49.79999923706055,49.39999961853027,50.20000076293945,1,1,,,1.0,0.0,Sell,0.0,0.0,Buy
140,2021-07-13 15:00:00+02:00,50.20000076293945,50.20000076293945,50.20000076293945,50.20000076293945,50.20000076293945,3,50.04999923706055,50.14999961853027,49.79999923706055,49.39999961853027,50.0,1,1,-1.0,,1.0,0.0,Sell,0.0,0.0,Buy
141,2021-07-13 16:00:00+02:00,50.20000076293945,50.59999847412109,50.20000076293945,50.59999847412109,50.59999847412109,2388,50.04999923706055,50.14999961853027,49.79999923706055,49.45000076293945,50.0,1,1,,,0.0,-1.0,Sell,0.0,0.0,Buy
142,2021-07-14 09:00:00+02:00,50.400001525878906,50.400001525878906,50.20000076293945,50.20000076293945,50.20000076293945,0,50.04999923706055,50.14999961853027,49.77499961853027,49.45000076293945,50.400001525878906,1,1,,,0.0,0.0,Sell,0.0,0.0,Buy
143,2021-07-14 10:00:00+02:00,50.20000076293945,50.400001525878906,50.20000076293945,50.20000076293945,50.20000076293945,1899,50.39999961853027,50.14999961853027,49.79999923706055,49.75,49.59999847412109,1,1,1.0,-1.0,0.0,0.0,Sell,0.0,0.0,Buy
144,2021-07-14 11:00:00+02:00,50.20000076293945,50.20000076293945,50.20000076293945,50.20000076293945,50.20000076293945,150,50.39999961853027,50.14999961853027,49.79999923706055,49.75,50.0,1,1,,,1.0,1.0,Buy,0.0,0.0,Buy
145,2021-07-14 12:00:00+02:00,50.20000076293945,50.400001525878906,50.20000076293945,50.400001525878906,50.400001525878906,7183,50.39999961853027,50.14999961853027,49.84999942779541,49.75,50.0,1,1,,,1.0,0.0,Sell,0.0,0.0,Buy
146,2021-07-14 14:00:00+02:00,50.400001525878906,50.400001525878906,50.400001525878906,50.400001525878906,50.400001525878906,500,50.39999961853027,50.14999961853027,49.89999961853027,49.75,49.79999923706055,1,1,,1.0,1.0,0.0,Sell,0.0,0.0,Buy
147,2021-07-14 15:00:00+02:00,50.20000076293945,50.20000076293945,50.0,50.0,50.0,566,50.29999923706055,50.14999961853027,49.89999961853027,49.75,49.5,1,1,,-1.0,1.0,0.0,Sell,0.0,0.0,Buy
148,2021-07-14 16:00:00+02:00,50.400001525878906,50.400001525878906,50.400001525878906,50.400001525878906,50.400001525878906,689,50.29999923706055,50.14999961853027,49.94999885559082,49.75,49.5,1,1,,1.0,1.0,0.0,Sell,0.0,0.0,Buy
149,2021-07-15 09:00:00+02:00,50.20000076293945,50.20000076293945,50.20000076293945,50.20000076293945,50.20000076293945,0,50.29999923706055,50.14999961853027,50.04999923706055,49.75,49.70000076293945,1,1,,-1.0,1.0,0.0,Sell,0.0,0.0,Buy
150,2021-07-15 10:00:00+02:00,50.20000076293945,50.59999847412109,50.0,50.0,50.0,9713,50.29999923706055,50.14999961853027,50.07499885559082,49.85000038146973,50.0,0,1,,,1.0,0.0,Sell,0.0,0.0,Buy
151,2021-07-15 11:00:00+02:00,50.400001525878906,50.400001525878906,50.400001525878906,50.400001525878906,50.400001525878906,4121,50.29999923706055,50.14999961853027,50.07499885559082,49.85000038146973,49.59999847412109,1,1,,1.0,1.0,0.0,Sell,0.0,0.0,Buy
152,2021-07-15 12:00:00+02:00,50.400001525878906,50.400001525878906,50.400001525878906,50.400001525878906,50.400001525878906,10,50.29999923706055,50.04999923706055,50.07499885559082,49.85000038146973,49.5,1,1,,,1.0,0.0,Sell,0.0,0.0,Buy
153,2021-07-15 13:00:00+02:00,50.400001525878906,50.400001525878906,50.0,50.0,50.0,3,50.29999923706055,50.04999923706055,50.07499885559082,49.85000038146973,49.70000076293945,0,1,,,1.0,0.0,Sell,0.0,0.0,Buy
154,2021-07-15 14:00:00+02:00,50.20000076293945,50.400001525878906,50.20000076293945,50.20000076293945,50.20000076293945,5640,50.29999923706055,50.04999923706055,50.07499885559082,49.85000038146973,50.20000076293945,1,1,,-1.0,1.0,0.0,Sell,0.0,0.0,Buy
155,2021-07-15 15:00:00+02:00,50.59999847412109,50.59999847412109,50.59999847412109,50.59999847412109,50.59999847412109,132,50.29999923706055,50.04999923706055,50.07499885559082,49.85000038146973,49.59999847412109,1,1,,1.0,1.0,0.0,Sell,0.0,0.0,Buy
156,2021-07-16 09:00:00+02:00,50.59999847412109,50.59999847412109,50.59999847412109,50.59999847412109,50.59999847412109,0,50.29999923706055,50.04999923706055,50.07499885559082,49.85000038146973,49.900001525878906,1,1,,,1.0,0.0,Sell,0.0,0.0,Buy
157,2021-07-16 10:00:00+02:00,50.59999847412109,50.79999923706055,50.400001525878906,50.79999923706055,50.79999923706055,11652,50.39999961853027,50.14999961853027,50.04999923706055,49.85000038146973,49.79999923706055,1,1,,,1.0,0.0,Sell,0.0,0.0,Buy
158,2021-07-16 12:00:00+02:00,50.400001525878906,50.79999923706055,50.400001525878906,50.79999923706055,50.79999923706055,257,50.39999961853027,50.14999961853027,50.04999923706055,49.85000038146973,49.70000076293945,1,1,,,1.0,0.0,Sell,0.0,0.0,Buy
159,2021-07-16 13:00:00+02:00,50.400001525878906,50.59999847412109,50.400001525878906,50.59999847412109,50.59999847412109,94,50.39999961853027,50.14999961853027,50.04999923706055,49.85000038146973,49.79999923706055,1,1,,,1.0,0.0,Sell,0.0,0.0,Buy
160,2021-07-16 15:00:00+02:00,50.400001525878906,50.400001525878906,50.400001525878906,50.400001525878906,50.400001525878906,3458,50.39999961853027,50.39999961853027,50.04999923706055,49.85000038146973,49.5,1,1,,,1.0,0.0,Sell,0.0,0.0,Buy
161,2021-07-16 16:00:00+02:00,50.59999847412109,50.59999847412109,50.59999847412109,50.59999847412109,50.59999847412109,230,50.39999961853027,50.39999961853027,49.94999980926514,49.95000076293945,49.09999847412109,1,-1,,,1.0,0.0,Sell,0.0,0.0,Buy
162,2021-07-19 09:00:00+02:00,50.400001525878906,50.400001525878906,50.20000076293945,50.20000076293945,50.20000076293945,0,50.5,50.39999961853027,49.89999961853027,49.95000076293945,49.0,1,-1,1.0,-1.0,1.0,0.0,Sell,0.0,0.0,Buy
163,2021-07-19 11:00:00+02:00,50.20000076293945,50.20000076293945,50.20000076293945,50.20000076293945,50.20000076293945,636,50.5,50.39999961853027,49.94999980926514,49.95000076293945,49.0,1,-1,,,1.0,0.0,Sell,0.0,0.0,Buy
164,2021-07-19 12:00:00+02:00,50.400001525878906,50.400001525878906,50.400001525878906,50.400001525878906,50.400001525878906,50,50.5,50.39999961853027,49.999999046325684,49.95000076293945,49.0,1,1,,,1.0,0.0,Sell,0.0,0.0,Buy
165,2021-07-19 13:00:00+02:00,50.20000076293945,50.20000076293945,50.20000076293945,50.20000076293945,50.20000076293945,1296,50.5,50.39999961853027,49.999999046325684,49.95000076293945,49.0,1,1,,,1.0,0.0,Sell,0.0,0.0,Buy
166,2021-07-19 14:00:00+02:00,50.0,50.0,50.0,50.0,50.0,311,50.39999961853027,50.39999961853027,50.09999942779541,49.95000076293945,49.09999847412109,0,1,,,1.0,0.0,Sell,0.0,0.0,Buy
167,2021-07-19 15:00:00+02:00,50.0,50.400001525878906,50.0,50.0,50.0,28820,50.29999923706055,50.39999961853027,50.09999942779541,49.95000076293945,48.79999923706055,0,1,-1.0,,1.0,0.0,Sell,0.0,0.0,Buy
168,2021-07-20 09:00:00+02:00,49.59999847412109,50.59999847412109,49.59999847412109,50.400001525878906,50.400001525878906,0,50.09999847412109,50.19999885559082,50.09999942779541,49.95000076293945,48.79999923706055,0,1,,,0.0,-1.0,Sell,0.0,0.0,Buy
169,2021-07-20 11:00:00+02:00,49.79999923706055,49.79999923706055,49.59999847412109,49.59999847412109,49.59999847412109,5581,50.09999847412109,50.19999885559082,50.27499961853027,50.04999923706055,48.900001525878906,-1,1,,,0.0,0.0,Sell,0.0,0.0,Buy
170,2021-07-20 12:00:00+02:00,49.79999923706055,50.0,49.79999923706055,50.0,50.0,1000,50.09999847412109,50.19999885559082,50.27499961853027,50.04999923706055,49.0,-1,1,,,0.0,0.0,Sell,0.0,0.0,Buy
171,2021-07-20 13:00:00+02:00,50.0,50.0,50.0,50.0,50.0,262,50.09999847412109,50.19999885559082,50.27499961853027,50.04999923706055,49.0,-1,1,,,0.0,0.0,Sell,0.0,0.0,Buy
172,2021-07-20 14:00:00+02:00,49.79999923706055,49.79999923706055,49.59999847412109,49.79999923706055,49.79999923706055,3499,50.09999847412109,50.19999885559082,50.27499961853027,50.04999923706055,49.0,-1,1,,,0.0,0.0,Sell,0.0,0.0,Buy
173,2021-07-20 15:00:00+02:00,49.59999847412109,50.0,49.5,49.5,49.5,11592,50.04999923706055,50.14999961853027,50.22499942779541,50.04999923706055,48.900001525878906,-1,1,,,0.0,0.0,Sell,0.0,0.0,Buy
174,2021-07-20 16:00:00+02:00,49.5,49.5,49.5,49.5,49.5,1154,50.04999923706055,50.14999961853027,50.22499942779541,50.04999923706055,48.900001525878906,-1,1,,,0.0,0.0,Sell,0.0,0.0,Buy
175,2021-07-21 09:00:00+02:00,50.20000076293945,50.20000076293945,49.70000076293945,49.70000076293945,49.70000076293945,0,50.04999923706055,50.14999961853027,50.22499942779541,50.04999923706055,48.79999923706055,0,1,,1.0,0.0,0.0,Sell,0.0,0.0,Buy
176,2021-07-21 10:00:00+02:00,50.0,50.0,50.0,50.0,50.0,167,50.04999923706055,50.14999961853027,50.22499942779541,50.04999923706055,48.70000076293945,-1,1,,-1.0,0.0,0.0,Sell,0.0,0.0,Buy
177,2021-07-21 12:00:00+02:00,50.0,50.0,49.59999847412109,49.59999847412109,49.59999847412109,15390,49.85000038146973,50.14999961853027,50.22499942779541,50.04999923706055,48.70000076293945,-1,1,,1.0,0.0,0.0,Sell,0.0,0.0,Buy
178,2021-07-21 13:00:00+02:00,49.59999847412109,49.59999847412109,49.5,49.5,49.5,4059,49.85000038146973,50.14999961853027,50.17499923706055,50.04999923706055,48.5,-1,1,,-1.0,0.0,0.0,Sell,0.0,0.0,Buy
179,2021-07-21 15:00:00+02:00,49.59999847412109,49.70000076293945,49.59999847412109,49.70000076293945,49.70000076293945,700,49.85000038146973,50.14999961853027,50.17499923706055,50.04999923706055,48.20000076293945,-1,1,,,0.0,0.0,Sell,0.0,0.0,Buy
180,2021-07-22 09:00:00+02:00,50.20000076293945,50.20000076293945,50.20000076293945,50.20000076293945,50.20000076293945,0,49.85000038146973,50.14999961853027,50.17499923706055,50.04999923706055,48.09999847412109,1,1,,1.0,0.0,0.0,Sell,0.0,0.0,Buy
181,2021-07-22 10:00:00+02:00,49.70000076293945,49.70000076293945,49.59999847412109,49.59999847412109,49.59999847412109,5000,49.85000038146973,50.14999961853027,50.17499923706055,50.04999923706055,48.0,-1,1,,-1.0,1.0,1.0,Buy,0.0,0.0,Buy
182,2021-07-22 11:00:00+02:00,49.70000076293945,49.900001525878906,49.70000076293945,49.900001525878906,49.900001525878906,2085,49.85000038146973,50.14999961853027,50.17499923706055,50.04999923706055,48.0,-1,1,,,1.0,0.0,Sell,0.0,0.0,Buy
183,2021-07-22 12:00:00+02:00,49.70000076293945,49.79999923706055,49.70000076293945,49.79999923706055,49.79999923706055,556,49.85000038146973,50.14999961853027,50.27499961853027,50.04999923706055,48.5,-1,1,,,1.0,0.0,Sell,0.0,0.0,Buy
184,2021-07-22 13:00:00+02:00,49.70000076293945,49.70000076293945,49.70000076293945,49.70000076293945,49.70000076293945,160,49.85000038146973,50.04999923706055,50.27499961853027,50.04999923706055,48.400001525878906,-1,1,,,1.0,0.0,Sell,0.0,0.0,Buy
185,2021-07-22 14:00:00+02:00,49.79999923706055,49.79999923706055,49.79999923706055,49.79999923706055,49.79999923706055,72,49.85000038146973,50.04999923706055,50.27499961853027,50.04999923706055,48.400001525878906,-1,1,,,1.0,0.0,Sell,0.0,0.0,Buy
186,2021-07-22 15:00:00+02:00,49.59999847412109,49.59999847412109,49.5,49.5,49.5,3890,49.85000038146973,50.04999923706055,50.39999961853027,50.04999923706055,48.70000076293945,-1,1,,,1.0,0.0,Sell,0.0,0.0,Buy
187,2021-07-22 16:00:00+02:00,49.09999847412109,49.09999847412109,49.09999847412109,49.09999847412109,49.09999847412109,247,49.64999961853027,49.84999847412109,50.39999961853027,50.04999923706055,48.70000076293945,-1,1,,,1.0,0.0,Sell,0.0,0.0,Buy
188,2021-07-23 09:00:00+02:00,49.20000076293945,49.20000076293945,48.70000076293945,49.0,49.0,0,49.45000076293945,49.64999961853027,50.44999980926514,50.04999923706055,48.70000076293945,-1,1,,,1.0,0.0,Sell,0.0,0.0,Buy
189,2021-07-23 10:00:00+02:00,49.0,49.0,49.0,49.0,49.0,95,49.30000114440918,49.64999961853027,50.44999980926514,50.04999923706055,48.70000076293945,-1,1,,,1.0,0.0,Sell,0.0,0.0,Buy
190,2021-07-23 11:00:00+02:00,49.0,49.0,49.0,49.0,49.0,150,49.30000114440918,49.64999961853027,50.44999980926514,50.04999923706055,48.70000076293945,-1,1,,,1.0,0.0,Sell,0.0,0.0,Buy
191,2021-07-23 13:00:00+02:00,49.0,49.0,49.0,49.0,49.0,1387,49.25,49.64999961853027,50.44999980926514,50.04999923706055,48.400001525878906,-1,1,,,1.0,0.0,Sell,0.0,0.0,Buy
192,2021-07-23 14:00:00+02:00,49.0,49.09999847412109,49.0,49.09999847412109,49.09999847412109,1200,49.25,49.64999961853027,50.39999961853027,50.04999923706055,48.70000076293945,-1,1,,,1.0,0.0,Sell,0.0,0.0,Buy
193,2021-07-23 15:00:00+02:00,48.79999923706055,48.79999923706055,48.70000076293945,48.79999923706055,48.79999923706055,2581,49.25,49.64999961853027,50.34999942779541,50.04999923706055,48.5,-1,1,,,1.0,0.0,Sell,0.0,0.0,Buy
194,2021-07-23 16:00:00+02:00,48.79999923706055,48.79999923706055,48.79999923706055,48.79999923706055,48.79999923706055,548,49.14999961853027,49.45000076293945,50.14999866485596,50.04999923706055,48.5,-1,1,,,1.0,0.0,Sell,0.0,0.0,Buy
195,2021-07-26 09:00:00+02:00,48.900001525878906,48.900001525878906,48.900001525878906,48.900001525878906,48.900001525878906,0,48.95000076293945,49.45000076293945,50.14999866485596,50.04999923706055,48.400001525878906,-1,1,,,1.0,0.0,Sell,0.0,0.0,Buy
196,2021-07-26 10:00:00+02:00,49.0,49.0,49.0,49.0,49.0,172,48.95000076293945,49.45000076293945,50.14999866485596,50.04999923706055,48.400001525878906,-1,1,,1.0,1.0,0.0,Sell,0.0,0.0,Buy
197,2021-07-26 11:00:00+02:00,49.0,49.0,49.0,49.0,49.0,1558,48.89999961853027,49.45000076293945,50.14999866485596,50.04999923706055,48.400001525878906,-1,1,,,1.0,0.0,Sell,0.0,0.0,Buy
198,2021-07-26 12:00:00+02:00,48.900001525878906,49.0,48.900001525878906,49.0,49.0,4279,48.89999961853027,49.45000076293945,50.14999866485596,50.04999923706055,48.29999923706055,-1,1,,,1.0,0.0,Sell,0.0,0.0,Buy
199,2021-07-26 13:00:00+02:00,48.900001525878906,48.900001525878906,48.900001525878906,48.900001525878906,48.900001525878906,36,48.89999961853027,49.45000076293945,50.09999942779541,50.04999923706055,48.20000076293945,-1,1,,,1.0,0.0,Sell,0.0,0.0,Buy
200,2021-07-26 15:00:00+02:00,48.900001525878906,48.900001525878906,48.900001525878906,48.900001525878906,48.900001525878906,11,48.89999961853027,49.45000076293945,50.09999942779541,50.04999923706055,48.0,-1,1,,,1.0,0.0,Sell,0.0,0.0,Buy
201,2021-07-27 09:00:00+02:00,48.70000076293945,48.900001525878906,48.70000076293945,48.79999923706055,48.79999923706055,0,48.85000038146973,49.45000076293945,50.09999942779541,50.04999923706055,48.09999847412109,-1,1,,-1.0,1.0,0.0,Sell,0.0,0.0,Buy
202,2021-07-27 10:00:00+02:00,48.79999923706055,48.79999923706055,48.5,48.70000076293945,48.70000076293945,11654,48.75,49.35000038146973,50.09999942779541,49.94999885559082,48.29999923706055,-1,1,,1.0,1.0,0.0,Sell,0.0,0.0,Buy
203,2021-07-27 11:00:00+02:00,48.70000076293945,48.79999923706055,48.59999847412109,48.70000076293945,48.70000076293945,2326,48.75,49.35000038146973,50.0,49.94999885559082,48.29999923706055,-1,1,,-1.0,1.0,0.0,Sell,0.0,0.0,Buy
204,2021-07-27 12:00:00+02:00,48.59999847412109,48.59999847412109,48.5,48.5,48.5,4020,48.75,49.35000038146973,50.0,49.94999885559082,48.900001525878906,-1,1,,,1.0,0.0,Sell,0.0,0.0,Buy
205,2021-07-27 13:00:00+02:00,48.59999847412109,48.59999847412109,48.20000076293945,48.20000076293945,48.20000076293945,3518,48.60000038146973,49.20000076293945,50.0,49.94999885559082,48.79999923706055,-1,1,,,1.0,0.0,Sell,0.0,0.0,Buy
206,2021-07-27 14:00:00+02:00,48.20000076293945,48.20000076293945,47.70000076293945,48.09999847412109,48.09999847412109,5190,48.35000038146973,48.80000114440918,50.0,49.94999885559082,49.0,-1,1,,,1.0,0.0,Sell,0.0,0.0,Buy
207,2021-07-27 15:00:00+02:00,48.0,48.0,47.900001525878906,48.0,48.0,1606,48.30000114440918,48.80000114440918,50.0,49.94999885559082,48.59999847412109,-1,1,,,1.0,0.0,Sell,0.0,0.0,Buy
208,2021-07-27 16:00:00+02:00,47.79999923706055,48.0,47.79999923706055,48.0,48.0,803,48.30000114440918,48.75,50.0,49.94999885559082,49.0,-1,1,,,1.0,0.0,Sell,0.0,0.0,Buy
209,2021-07-28 09:00:00+02:00,48.400001525878906,48.59999847412109,48.400001525878906,48.5,48.5,0,48.30000114440918,48.75,50.0,49.94999885559082,48.59999847412109,-1,1,,1.0,1.0,0.0,Sell,0.0,0.0,Buy
210,2021-07-28 10:00:00+02:00,48.5,48.5,48.29999923706055,48.400001525878906,48.400001525878906,30495,48.25,48.75,49.94999980926514,49.94999885559082,48.70000076293945,-1,1,,,1.0,0.0,Sell,0.0,0.0,Buy
211,2021-07-28 11:00:00+02:00,48.70000076293945,48.70000076293945,48.400001525878906,48.400001525878906,48.400001525878906,2768,48.25,48.64999961853027,49.94999980926514,49.94999885559082,48.59999847412109,-1,1,,,1.0,0.0,Sell,0.0,0.0,Buy
212,2021-07-28 13:00:00+02:00,48.70000076293945,48.70000076293945,48.70000076293945,48.70000076293945,48.70000076293945,371,48.20000076293945,48.45000076293945,49.94999980926514,49.94999885559082,48.59999847412109,-1,1,,,1.0,0.0,Sell,0.0,0.0,Buy
213,2021-07-28 14:00:00+02:00,48.70000076293945,48.70000076293945,48.70000076293945,48.70000076293945,48.70000076293945,29,48.20000076293945,48.45000076293945,49.749999046325684,49.94999885559082,,-1,-1,,,1.0,0.0,Sell,0.0,0.0,Buy
214,2021-07-28 16:00:00+02:00,48.70000076293945,48.70000076293945,48.70000076293945,48.70000076293945,48.70000076293945,258,48.20000076293945,48.39999961853027,49.55000019073486,49.94999885559082,,-1,-1,,,1.0,0.0,Sell,0.0,0.0,Buy
215,2021-07-29 09:00:00+02:00,48.5,48.70000076293945,48.5,48.70000076293945,48.70000076293945,0,48.25,48.39999961853027,49.47500038146973,49.94999885559082,,-1,-1,,,1.0,0.0,Sell,0.0,0.0,Buy
216,2021-07-29 11:00:00+02:00,48.70000076293945,48.70000076293945,48.70000076293945,48.70000076293945,48.70000076293945,2025,48.25,48.39999961853027,49.47500038146973,49.94999885559082,,-1,-1,,,1.0,0.0,Sell,0.0,0.0,Buy
217,2021-07-29 12:00:00+02:00,48.5,48.5,48.400001525878906,48.400001525878906,48.400001525878906,5197,48.5,48.39999961853027,49.44999980926514,49.94999885559082,,-1,-1,1.0,,1.0,0.0,Sell,0.0,0.0,Buy
218,2021-07-29 13:00:00+02:00,48.59999847412109,48.70000076293945,48.59999847412109,48.70000076293945,48.70000076293945,2133,48.5,48.35000038146973,49.44999980926514,50.14999961853027,,-1,-1,,1.0,1.0,0.0,Sell,0.0,0.0,Buy
219,2021-07-29 14:00:00+02:00,48.5,48.5,48.5,48.5,48.5,250,48.55000114440918,48.35000038146973,49.44999980926514,50.14999961853027,,-1,-1,,-1.0,1.0,0.0,Sell,0.0,0.0,Buy
220,2021-07-29 16:00:00+02:00,48.5,48.5,48.5,48.5,48.5,655,48.55000114440918,48.35000038146973,49.30000019073486,50.14999961853027,,-1,-1,,,1.0,0.0,Sell,-1.0,-1.0,Buy
221,2021-07-30 09:00:00+02:00,48.5,48.5,48.400001525878906,48.400001525878906,48.400001525878906,0,48.55000114440918,48.35000038146973,49.20000076293945,50.14999961853027,,-1,-1,,,1.0,0.0,Sell,-1.0,0.0,Buy
222,2021-07-30 10:00:00+02:00,48.400001525878906,48.400001525878906,48.400001525878906,48.400001525878906,48.400001525878906,2540,48.55000114440918,48.35000038146973,49.20000076293945,50.14999961853027,,-1,-1,,,1.0,0.0,Sell,-1.0,0.0,Buy
223,2021-07-30 11:00:00+02:00,48.400001525878906,48.400001525878906,48.400001525878906,48.400001525878906,48.400001525878906,2135,48.55000114440918,48.35000038146973,49.17500019073486,50.14999961853027,,-1,-1,,,1.0,0.0,Sell,-1.0,0.0,Buy
224,2021-07-30 12:00:00+02:00,48.29999923706055,48.29999923706055,48.29999923706055,48.29999923706055,48.29999923706055,4431,48.5,48.30000114440918,49.17500019073486,50.14999961853027,,-1,-1,,,1.0,0.0,Sell,-1.0,0.0,Buy
225,2021-07-30 13:00:00+02:00,48.29999923706055,48.29999923706055,48.20000076293945,48.20000076293945,48.20000076293945,2313,48.45000076293945,48.30000114440918,49.17500019073486,50.14999961853027,,-1,-1,,,1.0,0.0,Sell,-1.0,0.0,Buy
226,2021-07-30 14:00:00+02:00,48.0,48.0,48.0,48.0,48.0,2000,48.35000038146973,48.30000114440918,49.17500019073486,50.14999961853027,,-1,-1,,,1.0,0.0,Sell,-1.0,0.0,Buy
227,2021-07-30 15:00:00+02:00,48.0,48.09999847412109,48.0,48.09999847412109,48.09999847412109,7619,48.25,48.25,49.15000057220459,50.14999961853027,,-1,-1,,,1.0,0.0,Sell,-1.0,0.0,Buy
228,2021-08-02 09:00:00+02:00,48.20000076293945,48.29999923706055,48.20000076293945,48.29999923706055,48.29999923706055,0,48.25,48.25,49.05000019073486,50.14999961853027,,-1,-1,,,1.0,0.0,Sell,-1.0,0.0,Buy
229,2021-08-02 10:00:00+02:00,48.400001525878906,48.400001525878906,48.29999923706055,48.29999923706055,48.29999923706055,3276,48.25,48.20000076293945,49.05000019073486,50.14999961853027,,-1,-1,1.0,1.0,1.0,0.0,Sell,-1.0,0.0,Buy
230,2021-08-02 11:00:00+02:00,48.400001525878906,48.900001525878906,48.400001525878906,48.900001525878906,48.900001525878906,813,48.45000076293945,48.30000114440918,49.05000019073486,50.14999961853027,,-1,-1,,-1.0,1.0,0.0,Sell,0.0,1.0,Sell
231,2021-08-02 13:00:00+02:00,48.79999923706055,48.79999923706055,48.79999923706055,48.79999923706055,48.79999923706055,43,48.45000076293945,48.30000114440918,48.90000057220459,50.14999961853027,,-1,-1,,1.0,1.0,0.0,Sell,-1.0,-1.0,Buy
232,2021-08-03 09:00:00+02:00,48.900001525878906,49.0,48.79999923706055,49.0,49.0,5838,48.5,48.39999961853027,48.57500076293945,50.14999961853027,,0,-1,,,1.0,0.0,Sell,-1.0,0.0,Buy
233,2021-08-03 10:00:00+02:00,48.70000076293945,48.900001525878906,48.59999847412109,48.59999847412109,48.59999847412109,4441,48.5,48.39999961853027,48.55000114440918,50.14999961853027,,0,-1,,,1.0,0.0,Sell,-1.0,0.0,Buy
234,2021-08-03 11:00:00+02:00,48.900001525878906,49.0,48.900001525878906,49.0,49.0,6000,48.5,48.5,48.52500057220459,50.14999961853027,,0,-1,,,1.0,0.0,Sell,-1.0,0.0,Buy
235,2021-08-03 12:00:00+02:00,48.59999847412109,48.59999847412109,48.59999847412109,48.59999847412109,48.59999847412109,250,48.5,48.5,48.52500057220459,50.14999961853027,,0,-1,,,1.0,0.0,Sell,-1.0,0.0,Buy
236,2021-08-03 13:00:00+02:00,48.400001525878906,48.70000076293945,48.400001525878906,48.70000076293945,48.70000076293945,271,48.60000038146973,48.5,48.5,50.14999961853027,,0,-1,1.0,-1.0,1.0,0.0,Sell,-1.0,0.0,Buy
237,2021-08-03 14:00:00+02:00,48.400001525878906,48.59999847412109,48.400001525878906,48.59999847412109,48.59999847412109,295,48.64999961853027,48.5,48.44999980926514,50.14999961853027,,0,-1,,,1.0,0.0,Sell,0.0,1.0,Sell
238,2021-08-03 15:00:00+02:00,48.59999847412109,48.59999847412109,48.59999847412109,48.59999847412109,48.59999847412109,252,48.70000076293945,48.5,48.32500076293945,50.14999961853027,,0,-1,,,1.0,0.0,Sell,0.0,0.0,Buy
